,DATE,MinTemp,MaxTemp,AvgTemp,Sunrise,Sunset
0,1/1/2014,33.0,46.0,40.0,657,1756
1,1/2/2014,35.0,50.0,43.0,657,1756
2,1/3/2014,36.0,45.0,41.0,657,1757
3,1/4/2014,32.0,41.0,37.0,658,1757
4,1/5/2014,24.0,38.0,31.0,658,1758
5,1/6/2014,22.0,39.0,31.0,658,1759
6,1/7/2014,28.0,45.0,37.0,658,1759
7,1/8/2014,30.0,41.0,36.0,659,1800
8,1/9/2014,29.0,42.0,36.0,659,1801
9,1/10/2014,30.0,47.0,39.0,659,1801
10,1/11/2014,32.0,47.0,40.0,659,1802
11,1/12/2014,30.0,47.0,39.0,659,1803
12,1/13/2014,29.0,42.0,36.0,659,1803
13,1/14/2014,31.0,47.0,39.0,659,1804
14,1/15/2014,35.0,51.0,43.0,659,1804
15,1/16/2014,35.0,55.0,45.0,700,1805
16,1/17/2014,42.0,57.0,50.0,700,1806
17,1/18/2014,38.0,54.0,46.0,700,1806
18,1/19/2014,37.0,51.0,44.0,700,1807
19,1/20/2014,36.0,53.0,45.0,659,1808
20,1/21/2014,40.0,55.0,48.0,659,1808
21,1/22/2014,31.0,44.0,38.0,659,1809
22,1/23/2014,31.0,46.0,39.0,659,1810
23,1/24/2014,39.0,54.0,47.0,659,1810
24,1/25/2014,41.0,62.0,52.0,659,1811
25,1/26/2014,42.0,58.0,50.0,659,1811
26,1/27/2014,38.0,51.0,45.0,659,1812
27,1/28/2014,29.0,39.0,34.0,658,1813
28,1/29/2014,30.0,36.0,33.0,658,1813
29,1/30/2014,28.0,39.0,34.0,658,1814
30,1/31/2014,33.0,42.0,38.0,658,1814
31,2/1/2014,35.0,50.0,43.0,657,1815
32,2/2/2014,37.0,49.0,43.0,657,1816
33,2/3/2014,36.0,50.0,43.0,657,1816
34,2/4/2014,36.0,55.0,46.0,656,1817
35,2/5/2014,38.0,53.0,46.0,656,1817
36,2/6/2014,39.0,49.0,44.0,655,1818
37,2/7/2014,39.0,52.0,46.0,655,1818
38,2/8/2014,37.0,52.0,45.0,655,1819
39,2/9/2014,34.0,57.0,46.0,654,1819
40,2/10/2014,36.0,54.0,45.0,654,1820
41,2/11/2014,34.0,52.0,43.0,653,1820
42,2/12/2014,35.0,52.0,44.0,653,1821
43,2/13/2014,35.0,49.0,42.0,652,1821
44,2/14/2014,36.0,48.0,42.0,652,1822
45,2/15/2014,38.0,55.0,47.0,651,1822
46,2/16/2014,36.0,46.0,41.0,651,1823
47,2/17/2014,36.0,43.0,40.0,650,1823
48,2/18/2014,37.0,45.0,41.0,649,1823
49,2/19/2014,35.0,46.0,41.0,649,1824
50,2/20/2014,33.0,47.0,40.0,648,1824
51,2/21/2014,34.0,48.0,41.0,647,1825
52,2/22/2014,34.0,48.0,41.0,647,1825
53,2/23/2014,33.0,48.0,41.0,646,1825
54,2/24/2014,33.0,50.0,42.0,646,1826
55,2/25/2014,33.0,47.0,40.0,645,1826
56,2/26/2014,36.0,50.0,43.0,644,1827
57,2/27/2014,36.0,55.0,46.0,643,1827
58,2/28/2014,36.0,57.0,47.0,643,1827
59,3/1/2014,41.0,55.0,48.0,642,1828
60,3/2/2014,31.0,45.0,38.0,641,1828
61,3/3/2014,31.0,42.0,37.0,640,1828
62,3/4/2014,34.0,43.0,39.0,640,1829
63,3/5/2014,33.0,46.0,40.0,639,1829
64,3/6/2014,35.0,46.0,41.0,638,1829
65,3/7/2014,34.0,54.0,44.0,637,1830
66,3/8/2014,34.0,43.0,39.0,637,1830
67,3/9/2014,36.0,47.0,42.0,636,1830
68,3/10/2014,32.0,47.0,40.0,635,1831
69,3/11/2014,31.0,49.0,40.0,634,1831
70,3/12/2014,29.0,50.0,40.0,633,1831
71,3/13/2014,33.0,55.0,44.0,632,1832
72,3/14/2014,36.0,51.0,44.0,632,1832
73,3/15/2014,32.0,48.0,40.0,631,1832
74,3/16/2014,31.0,49.0,40.0,630,1832
75,3/17/2014,36.0,53.0,45.0,629,1833
76,3/18/2014,35.0,53.0,44.0,628,1833
77,3/19/2014,35.0,53.0,44.0,627,1833
78,3/20/2014,33.0,48.0,41.0,626,1833
79,3/21/2014,30.0,48.0,39.0,626,1834
80,3/22/2014,30.0,43.0,37.0,625,1834
81,3/23/2014,32.0,45.0,39.0,624,1834
82,3/24/2014,31.0,51.0,41.0,623,1834
83,3/25/2014,34.0,53.0,44.0,622,1835
84,3/26/2014,35.0,55.0,45.0,621,1835
85,3/27/2014,31.0,46.0,39.0,620,1835
86,3/28/2014,29.0,43.0,36.0,620,1835
87,3/29/2014,32.0,39.0,36.0,619,1836
88,3/30/2014,32.0,41.0,37.0,618,1836
89,3/31/2014,31.0,42.0,37.0,617,1836
90,4/1/2014,34.0,45.0,40.0,616,1836
91,4/2/2014,33.0,52.0,43.0,615,1837
92,4/3/2014,36.0,51.0,44.0,614,1837
93,4/4/2014,31.0,50.0,41.0,614,1837
94,4/5/2014,31.0,51.0,41.0,613,1838
95,4/6/2014,35.0,49.0,42.0,612,1838
96,4/7/2014,35.0,49.0,42.0,611,1838
97,4/8/2014,35.0,52.0,44.0,610,1838
98,4/9/2014,36.0,53.0,45.0,610,1839
99,4/10/2014,35.0,55.0,45.0,609,1839
100,4/11/2014,37.0,56.0,47.0,608,1839
101,4/12/2014,36.0,52.0,44.0,607,1839
102,4/13/2014,32.0,49.0,41.0,606,1840
103,4/14/2014,31.0,50.0,41.0,606,1840
104,4/15/2014,36.0,53.0,45.0,605,1840
105,4/16/2014,40.0,59.0,50.0,604,1841
106,4/17/2014,42.0,58.0,50.0,603,1841
107,4/18/2014,43.0,60.0,52.0,602,1841
108,4/19/2014,43.0,60.0,52.0,602,1841
109,4/20/2014,41.0,57.0,49.0,601,1842
110,4/21/2014,40.0,54.0,47.0,600,1842
111,4/22/2014,38.0,58.0,48.0,600,1842
112,4/23/2014,41.0,58.0,50.0,559,1843
113,4/24/2014,41.0,59.0,50.0,558,1843
114,4/25/2014,43.0,59.0,51.0,558,1843
115,4/26/2014,45.0,62.0,54.0,557,1844
116,4/27/2014,42.0,53.0,48.0,556,1844
117,4/28/2014,40.0,53.0,47.0,556,1844
118,4/29/2014,39.0,53.0,46.0,555,1845
119,4/30/2014,37.0,50.0,44.0,554,1845
120,5/1/2014,36.0,53.0,45.0,554,1845
121,5/2/2014,38.0,51.0,45.0,553,1846
122,5/3/2014,36.0,55.0,46.0,553,1846
123,5/4/2014,36.0,55.0,46.0,552,1846
124,5/5/2014,40.0,54.0,47.0,552,1847
125,5/6/2014,40.0,58.0,49.0,551,1847
126,5/7/2014,42.0,60.0,51.0,550,1847
127,5/8/2014,42.0,61.0,52.0,550,1848
128,5/9/2014,44.0,59.0,52.0,550,1848
129,5/10/2014,42.0,56.0,49.0,549,1849
130,5/11/2014,40.0,56.0,48.0,549,1849
131,5/12/2014,38.0,55.0,47.0,548,1849
132,5/13/2014,38.0,56.0,47.0,548,1850
133,5/14/2014,40.0,55.0,48.0,547,1850
134,5/15/2014,41.0,58.0,50.0,547,1851
135,5/16/2014,44.0,60.0,52.0,547,1851
136,5/17/2014,,,,546,1851
137,5/18/2014,43.0,60.0,52.0,546,1852
138,5/19/2014,44.0,60.0,52.0,546,1852
139,5/20/2014,44.0,62.0,53.0,545,1853
140,5/21/2014,47.0,62.0,55.0,545,1853
141,5/22/2014,44.0,59.0,52.0,545,1853
142,5/23/2014,41.0,58.0,50.0,545,1854
143,5/24/2014,39.0,57.0,48.0,544,1854
144,5/25/2014,38.0,52.0,45.0,544,1855
145,5/26/2014,36.0,47.0,42.0,544,1855
146,5/27/2014,35.0,49.0,42.0,544,1855
147,5/28/2014,35.0,51.0,43.0,544,1856
148,5/29/2014,34.0,53.0,44.0,543,1856
149,5/30/2014,36.0,55.0,46.0,543,1856
150,5/31/2014,35.0,51.0,43.0,543,1857
151,6/1/2014,34.0,53.0,44.0,543,1857
152,6/2/2014,36.0,48.0,42.0,543,1858
153,6/3/2014,38.0,53.0,46.0,543,1858
154,6/4/2014,37.0,53.0,45.0,543,1858
155,6/5/2014,40.0,55.0,48.0,543,1859
156,6/6/2014,35.0,52.0,44.0,543,1859
157,6/7/2014,36.0,53.0,45.0,543,1859
158,6/8/2014,42.0,54.0,48.0,543,1900
159,6/9/2014,44.0,57.0,51.0,543,1900
160,6/10/2014,43.0,60.0,52.0,543,1900
161,6/11/2014,42.0,55.0,49.0,543,1901
162,6/12/2014,37.0,53.0,45.0,543,1901
163,6/13/2014,35.0,57.0,46.0,543,1901
164,6/14/2014,37.0,62.0,50.0,544,1902
165,6/15/2014,42.0,60.0,51.0,544,1902
166,6/16/2014,41.0,58.0,50.0,544,1902
167,6/17/2014,37.0,52.0,45.0,544,1902
168,6/18/2014,36.0,51.0,44.0,544,1903
169,6/19/2014,40.0,57.0,49.0,544,1903
170,6/20/2014,39.0,52.0,46.0,545,1903
171,6/21/2014,35.0,48.0,42.0,545,1903
172,6/22/2014,37.0,53.0,45.0,545,1904
173,6/23/2014,41.0,60.0,51.0,545,1904
174,6/24/2014,42.0,60.0,51.0,545,1904
175,6/25/2014,45.0,62.0,54.0,546,1904
176,6/26/2014,48.0,64.0,56.0,546,1904
177,6/27/2014,47.0,60.0,54.0,546,1904
178,6/28/2014,47.0,59.0,53.0,546,1905
179,6/29/2014,45.0,61.0,53.0,547,1905
180,6/30/2014,43.0,61.0,52.0,547,1905
181,7/1/2014,45.0,62.0,54.0,547,1905
182,7/2/2014,47.0,61.0,54.0,548,1905
183,7/3/2014,48.0,66.0,57.0,548,1905
184,7/4/2014,47.0,65.0,56.0,548,1905
185,7/5/2014,43.0,61.0,52.0,549,1905
186,7/6/2014,40.0,58.0,49.0,549,1905
187,7/7/2014,40.0,56.0,48.0,549,1905
188,7/8/2014,44.0,55.0,50.0,550,1905
189,7/9/2014,43.0,59.0,51.0,550,1905
190,7/10/2014,43.0,62.0,53.0,550,1905
191,7/11/2014,43.0,62.0,53.0,551,1905
192,7/12/2014,42.0,61.0,52.0,551,1905
193,7/13/2014,40.0,56.0,48.0,551,1904
194,7/14/2014,41.0,51.0,46.0,552,1904
195,7/15/2014,38.0,55.0,47.0,552,1904
196,7/16/2014,39.0,52.0,46.0,553,1904
197,7/17/2014,39.0,59.0,49.0,553,1904
198,7/18/2014,37.0,59.0,48.0,553,1904
199,7/19/2014,41.0,56.0,49.0,554,1903
200,7/20/2014,41.0,51.0,46.0,554,1903
201,7/21/2014,42.0,58.0,50.0,554,1903
202,7/22/2014,43.0,52.0,48.0,555,1902
203,7/23/2014,44.0,61.0,53.0,555,1902
204,7/24/2014,45.0,62.0,54.0,556,1902
205,7/25/2014,44.0,64.0,54.0,556,1901
206,7/26/2014,42.0,57.0,50.0,556,1901
207,7/27/2014,38.0,54.0,46.0,557,1901
208,7/28/2014,35.0,58.0,47.0,557,1900
209,7/29/2014,34.0,53.0,44.0,557,1900
210,7/30/2014,38.0,56.0,47.0,558,1859
211,7/31/2014,39.0,55.0,47.0,558,1859
212,8/1/2014,44.0,62.0,53.0,558,1859
213,8/2/2014,42.0,60.0,51.0,559,1858
214,8/3/2014,43.0,60.0,52.0,559,1858
215,8/4/2014,44.0,64.0,54.0,559,1857
216,8/5/2014,43.0,61.0,52.0,600,1857
217,8/6/2014,40.0,60.0,50.0,600,1856
218,8/7/2014,41.0,50.0,46.0,600,1855
219,8/8/2014,41.0,52.0,47.0,601,1855
220,8/9/2014,39.0,57.0,48.0,601,1854
221,8/10/2014,38.0,53.0,46.0,601,1854
222,8/11/2014,39.0,56.0,48.0,602,1853
223,8/12/2014,40.0,58.0,49.0,602,1852
224,8/13/2014,41.0,62.0,52.0,602,1852
225,8/14/2014,44.0,63.0,54.0,603,1851
226,8/15/2014,45.0,63.0,54.0,603,1850
227,8/16/2014,42.0,62.0,52.0,603,1850
228,8/17/2014,39.0,58.0,49.0,603,1849
229,8/18/2014,38.0,57.0,48.0,604,1848
230,8/19/2014,36.0,55.0,46.0,604,1848
231,8/20/2014,38.0,54.0,46.0,604,1847
232,8/21/2014,40.0,56.0,48.0,604,1846
233,8/22/2014,39.0,57.0,48.0,605,1845
234,8/23/2014,43.0,60.0,52.0,605,1845
235,8/24/2014,42.0,59.0,51.0,605,1844
236,8/25/2014,41.0,60.0,51.0,605,1843
237,8/26/2014,41.0,56.0,49.0,606,1842
238,8/27/2014,40.0,55.0,48.0,606,1841
239,8/28/2014,39.0,56.0,48.0,606,1841
240,8/29/2014,38.0,55.0,47.0,606,1840
241,8/30/2014,44.0,59.0,52.0,607,1839
242,8/31/2014,42.0,60.0,51.0,607,1838
243,9/1/2014,38.0,55.0,47.0,607,1837
244,9/2/2014,42.0,59.0,51.0,607,1836
245,9/3/2014,42.0,60.0,51.0,607,1836
246,9/4/2014,44.0,58.0,51.0,608,1835
247,9/5/2014,44.0,61.0,53.0,608,1834
248,9/6/2014,41.0,58.0,50.0,608,1833
249,9/7/2014,39.0,54.0,47.0,608,1832
250,9/8/2014,39.0,53.0,46.0,608,1831
251,9/9/2014,39.0,54.0,47.0,609,1830
252,9/10/2014,40.0,55.0,48.0,609,1829
253,9/11/2014,42.0,56.0,49.0,609,1828
254,9/12/2014,39.0,60.0,50.0,609,1828
255,9/13/2014,41.0,60.0,51.0,609,1827
256,9/14/2014,42.0,59.0,51.0,610,1826
257,9/15/2014,43.0,57.0,50.0,610,1825
258,9/16/2014,40.0,52.0,46.0,610,1824
259,9/17/2014,39.0,53.0,46.0,610,1823
260,9/18/2014,37.0,55.0,46.0,610,1822
261,9/19/2014,40.0,54.0,47.0,611,1821
262,9/20/2014,41.0,51.0,46.0,611,1820
263,9/21/2014,38.0,52.0,45.0,611,1819
264,9/22/2014,40.0,56.0,48.0,611,1819
265,9/23/2014,41.0,59.0,50.0,611,1818
266,9/24/2014,41.0,58.0,50.0,612,1817
267,9/25/2014,40.0,56.0,48.0,612,1816
268,9/26/2014,41.0,61.0,51.0,612,1815
269,9/27/2014,42.0,52.0,47.0,612,1814
270,9/28/2014,42.0,56.0,49.0,612,1813
271,9/29/2014,40.0,54.0,47.0,613,1812
272,9/30/2014,35.0,52.0,44.0,613,1811
273,10/1/2014,37.0,53.0,45.0,613,1811
274,10/2/2014,38.0,52.0,45.0,613,1810
275,10/3/2014,36.0,52.0,44.0,614,1809
276,10/4/2014,38.0,52.0,45.0,614,1808
277,10/5/2014,40.0,52.0,46.0,614,1807
278,10/6/2014,38.0,54.0,46.0,614,1806
279,10/7/2014,42.0,53.0,48.0,615,1805
280,10/8/2014,42.0,56.0,49.0,615,1805
281,10/9/2014,42.0,60.0,51.0,615,1804
282,10/10/2014,39.0,58.0,49.0,615,1803
283,10/11/2014,39.0,54.0,47.0,616,1802
284,10/12/2014,36.0,53.0,45.0,616,1801
285,10/13/2014,33.0,53.0,43.0,616,1801
286,10/14/2014,37.0,54.0,46.0,616,1800
287,10/15/2014,39.0,58.0,49.0,617,1759
288,10/16/2014,43.0,61.0,52.0,617,1758
289,10/17/2014,44.0,51.0,48.0,617,1758
290,10/18/2014,43.0,48.0,46.0,618,1757
291,10/19/2014,42.0,54.0,48.0,618,1756
292,10/20/2014,41.0,60.0,51.0,618,1755
293,10/21/2014,38.0,59.0,49.0,619,1755
294,10/22/2014,41.0,55.0,48.0,619,1754
295,10/23/2014,36.0,56.0,46.0,620,1753
296,10/24/2014,40.0,58.0,49.0,620,1753
297,10/25/2014,39.0,58.0,49.0,620,1752
298,10/26/2014,37.0,59.0,48.0,621,1752
299,10/27/2014,39.0,55.0,47.0,621,1751
300,10/28/2014,40.0,58.0,49.0,622,1750
301,10/29/2014,41.0,57.0,49.0,622,1750
302,10/30/2014,39.0,56.0,48.0,622,1749
303,10/31/2014,37.0,56.0,47.0,623,1749
304,11/1/2014,37.0,51.0,44.0,623,1748
305,11/2/2014,41.0,54.0,48.0,624,1748
306,11/3/2014,40.0,54.0,47.0,624,1747
307,11/4/2014,37.0,48.0,43.0,625,1747
308,11/5/2014,39.0,56.0,48.0,625,1746
309,11/6/2014,43.0,56.0,50.0,626,1746
310,11/7/2014,38.0,57.0,48.0,626,1746
311,11/8/2014,36.0,55.0,46.0,627,1745
312,11/9/2014,37.0,59.0,48.0,627,1745
313,11/10/2014,42.0,60.0,51.0,628,1745
314,11/11/2014,42.0,57.0,50.0,628,1744
315,11/12/2014,41.0,56.0,49.0,629,1744
316,11/13/2014,39.0,56.0,48.0,629,1744
317,11/14/2014,38.0,54.0,46.0,630,1743
318,11/15/2014,37.0,51.0,44.0,630,1743
319,11/16/2014,38.0,55.0,47.0,631,1743
320,11/17/2014,42.0,57.0,50.0,632,1743
321,11/18/2014,38.0,56.0,47.0,632,1743
322,11/19/2014,37.0,56.0,47.0,633,1743
323,11/20/2014,39.0,51.0,45.0,633,1742
324,11/21/2014,39.0,55.0,47.0,634,1742
325,11/22/2014,38.0,54.0,46.0,635,1742
326,11/23/2014,33.0,53.0,43.0,635,1742
327,11/24/2014,41.0,59.0,50.0,636,1742
328,11/25/2014,42.0,59.0,51.0,636,1742
329,11/26/2014,41.0,55.0,48.0,637,1742
330,11/27/2014,39.0,57.0,48.0,638,1742
331,11/28/2014,38.0,56.0,47.0,638,1742
332,11/29/2014,35.0,54.0,45.0,639,1742
333,11/30/2014,35.0,50.0,43.0,640,1742
334,12/1/2014,35.0,52.0,44.0,640,1743
335,12/2/2014,35.0,51.0,43.0,641,1743
336,12/3/2014,38.0,51.0,45.0,641,1743
337,12/4/2014,42.0,52.0,47.0,642,1743
338,12/5/2014,39.0,50.0,45.0,643,1743
339,12/6/2014,36.0,51.0,44.0,643,1743
340,12/7/2014,36.0,56.0,46.0,644,1744
341,12/8/2014,38.0,58.0,48.0,645,1744
342,12/9/2014,39.0,56.0,48.0,645,1744
343,12/10/2014,39.0,60.0,50.0,646,1745
344,12/11/2014,42.0,60.0,51.0,646,1745
345,12/12/2014,37.0,55.0,46.0,647,1745
346,12/13/2014,37.0,56.0,47.0,648,1746
347,12/14/2014,38.0,56.0,47.0,648,1746
348,12/15/2014,40.0,57.0,49.0,649,1746
349,12/16/2014,40.0,57.0,49.0,649,1747
350,12/17/2014,38.0,57.0,48.0,650,1747
351,12/18/2014,40.0,56.0,48.0,650,1748
352,12/19/2014,42.0,59.0,51.0,651,1748
353,12/20/2014,39.0,56.0,48.0,651,1749
354,12/21/2014,36.0,52.0,44.0,652,1749
355,12/22/2014,31.0,47.0,39.0,652,1750
356,12/23/2014,31.0,41.0,36.0,653,1750
357,12/24/2014,36.0,45.0,41.0,653,1751
358,12/25/2014,40.0,54.0,47.0,654,1751
359,12/26/2014,41.0,53.0,47.0,654,1752
360,12/27/2014,37.0,51.0,44.0,655,1752
361,12/28/2014,39.0,56.0,48.0,655,1753
362,12/29/2014,36.0,54.0,45.0,655,1753
363,12/30/2014,36.0,53.0,45.0,656,1754
364,12/31/2014,34.0,53.0,44.0,656,1755
365,1/1/2015,38.0,51.0,45.0,657,1756
366,1/2/2015,34.0,40.0,37.0,657,1756
367,1/3/2015,29.0,36.0,33.0,657,1757
368,1/4/2015,31.0,44.0,38.0,658,1757
369,1/5/2015,37.0,51.0,44.0,658,1758
370,1/6/2015,38.0,52.0,45.0,658,1759
371,1/7/2015,38.0,54.0,46.0,658,1759
372,1/8/2015,38.0,57.0,48.0,659,1800
373,1/9/2015,36.0,55.0,46.0,659,1801
374,1/10/2015,34.0,51.0,43.0,659,1801
375,1/11/2015,38.0,54.0,46.0,659,1802
376,1/12/2015,40.0,57.0,49.0,659,1803
377,1/13/2015,41.0,56.0,49.0,659,1803
378,1/14/2015,35.0,58.0,47.0,659,1804
379,1/15/2015,38.0,58.0,48.0,659,1804
380,1/16/2015,40.0,56.0,48.0,700,1805
381,1/17/2015,38.0,58.0,48.0,700,1806
382,1/18/2015,37.0,57.0,47.0,700,1806
383,1/19/2015,37.0,59.0,48.0,700,1807
384,1/20/2015,36.0,56.0,46.0,659,1808
385,1/21/2015,40.0,58.0,49.0,659,1808
386,1/22/2015,39.0,54.0,47.0,659,1809
387,1/23/2015,43.0,65.0,54.0,659,1810
388,1/24/2015,41.0,61.0,51.0,659,1810
389,1/25/2015,40.0,55.0,48.0,659,1811
390,1/26/2015,42.0,59.0,51.0,659,1811
391,1/27/2015,36.0,58.0,47.0,659,1812
392,1/28/2015,36.0,54.0,45.0,658,1813
393,1/29/2015,35.0,54.0,45.0,658,1813
394,1/30/2015,36.0,54.0,45.0,658,1814
395,1/31/2015,33.0,53.0,43.0,658,1814
396,2/1/2015,36.0,53.0,45.0,657,1815
397,2/2/2015,38.0,54.0,46.0,657,1816
398,2/3/2015,41.0,54.0,48.0,657,1816
399,2/4/2015,39.0,50.0,45.0,656,1817
400,2/5/2015,38.0,50.0,44.0,656,1817
401,2/6/2015,33.0,47.0,40.0,655,1818
402,2/7/2015,32.0,54.0,43.0,655,1818
403,2/8/2015,43.0,59.0,51.0,655,1819
404,2/9/2015,42.0,55.0,49.0,654,1819
405,2/10/2015,35.0,50.0,43.0,654,1820
406,2/11/2015,34.0,54.0,44.0,653,1820
407,2/12/2015,37.0,53.0,45.0,653,1821
408,2/13/2015,40.0,54.0,47.0,652,1821
409,2/14/2015,38.0,57.0,48.0,652,1822
410,2/15/2015,37.0,51.0,44.0,651,1822
411,2/16/2015,37.0,53.0,45.0,651,1823
412,2/17/2015,36.0,54.0,45.0,650,1823
413,2/18/2015,36.0,54.0,45.0,649,1823
414,2/19/2015,38.0,56.0,47.0,649,1824
415,2/20/2015,39.0,54.0,47.0,648,1824
416,2/21/2015,36.0,51.0,44.0,647,1825
417,2/22/2015,35.0,52.0,44.0,647,1825
418,2/23/2015,40.0,53.0,47.0,646,1825
419,2/24/2015,40.0,56.0,48.0,646,1826
420,2/25/2015,39.0,57.0,48.0,645,1826
421,2/26/2015,36.0,48.0,42.0,644,1827
422,2/27/2015,35.0,49.0,42.0,643,1827
423,2/28/2015,35.0,44.0,40.0,643,1827
424,3/1/2015,33.0,44.0,39.0,642,1828
425,3/2/2015,32.0,43.0,38.0,641,1828
426,3/3/2015,33.0,46.0,40.0,640,1828
427,3/4/2015,33.0,39.0,36.0,640,1829
428,3/5/2015,33.0,48.0,41.0,639,1829
429,3/6/2015,35.0,49.0,42.0,638,1829
430,3/7/2015,38.0,53.0,46.0,637,1830
431,3/8/2015,32.0,46.0,39.0,637,1830
432,3/9/2015,33.0,37.0,35.0,636,1830
433,3/10/2015,34.0,42.0,38.0,635,1831
434,3/11/2015,31.0,37.0,34.0,634,1831
435,3/12/2015,32.0,39.0,36.0,633,1831
436,3/13/2015,31.0,41.0,36.0,632,1832
437,3/14/2015,31.0,47.0,39.0,632,1832
438,3/15/2015,33.0,51.0,42.0,631,1832
439,3/16/2015,36.0,54.0,45.0,630,1832
440,3/17/2015,36.0,57.0,47.0,629,1833
441,3/18/2015,36.0,57.0,47.0,628,1833
442,3/19/2015,39.0,60.0,50.0,627,1833
443,3/20/2015,38.0,61.0,50.0,626,1833
444,3/21/2015,41.0,60.0,51.0,626,1834
445,3/22/2015,37.0,56.0,47.0,625,1834
446,3/23/2015,38.0,58.0,48.0,624,1834
447,3/24/2015,36.0,56.0,46.0,623,1834
448,3/25/2015,38.0,54.0,46.0,622,1835
449,3/26/2015,34.0,59.0,47.0,621,1835
450,3/27/2015,39.0,58.0,49.0,620,1835
451,3/28/2015,42.0,58.0,50.0,620,1835
452,3/29/2015,39.0,57.0,48.0,619,1836
453,3/30/2015,36.0,54.0,45.0,618,1836
454,3/31/2015,31.0,50.0,41.0,617,1836
455,4/1/2015,32.0,49.0,41.0,616,1836
456,4/2/2015,31.0,49.0,40.0,615,1837
457,4/3/2015,35.0,50.0,43.0,614,1837
458,4/4/2015,39.0,51.0,45.0,614,1837
459,4/5/2015,35.0,53.0,44.0,613,1838
460,4/6/2015,35.0,52.0,44.0,612,1838
461,4/7/2015,33.0,47.0,40.0,611,1838
462,4/8/2015,33.0,52.0,43.0,610,1838
463,4/9/2015,34.0,51.0,43.0,610,1839
464,4/10/2015,35.0,49.0,42.0,609,1839
465,4/11/2015,35.0,48.0,42.0,608,1839
466,4/12/2015,33.0,48.0,41.0,607,1839
467,4/13/2015,36.0,53.0,45.0,606,1840
468,4/14/2015,39.0,52.0,46.0,606,1840
469,4/15/2015,37.0,48.0,43.0,605,1840
470,4/16/2015,34.0,47.0,41.0,604,1841
471,4/17/2015,34.0,50.0,42.0,603,1841
472,4/18/2015,37.0,53.0,45.0,602,1841
473,4/19/2015,40.0,58.0,49.0,602,1841
474,4/20/2015,39.0,60.0,50.0,601,1842
475,4/21/2015,43.0,63.0,53.0,600,1842
476,4/22/2015,40.0,60.0,50.0,600,1842
477,4/23/2015,39.0,57.0,48.0,559,1843
478,4/24/2015,43.0,58.0,51.0,558,1843
479,4/25/2015,43.0,57.0,50.0,558,1843
480,4/26/2015,41.0,55.0,48.0,557,1844
481,4/27/2015,37.0,54.0,46.0,556,1844
482,4/28/2015,33.0,55.0,44.0,556,1844
483,4/29/2015,37.0,59.0,48.0,555,1845
484,4/30/2015,36.0,57.0,47.0,554,1845
485,5/1/2015,37.0,53.0,45.0,554,1845
486,5/2/2015,35.0,50.0,43.0,553,1846
487,5/3/2015,33.0,53.0,43.0,553,1846
488,5/4/2015,40.0,55.0,48.0,552,1846
489,5/5/2015,42.0,59.0,51.0,552,1847
490,5/6/2015,42.0,63.0,53.0,551,1847
491,5/7/2015,41.0,59.0,50.0,550,1847
492,5/8/2015,38.0,59.0,49.0,550,1848
493,5/9/2015,38.0,54.0,46.0,550,1848
494,5/10/2015,36.0,51.0,44.0,549,1849
495,5/11/2015,37.0,55.0,46.0,549,1849
496,5/12/2015,37.0,51.0,44.0,548,1849
497,5/13/2015,33.0,45.0,39.0,548,1850
498,5/14/2015,31.0,49.0,40.0,547,1850
499,5/15/2015,32.0,52.0,42.0,547,1851
500,5/16/2015,33.0,56.0,45.0,547,1851
501,5/17/2015,38.0,60.0,49.0,546,1851
502,5/18/2015,38.0,58.0,48.0,546,1852
503,5/19/2015,39.0,55.0,47.0,546,1852
504,5/20/2015,39.0,54.0,47.0,545,1853
505,5/21/2015,37.0,55.0,46.0,545,1853
506,5/22/2015,39.0,59.0,49.0,545,1853
507,5/23/2015,41.0,55.0,48.0,545,1854
508,5/24/2015,39.0,59.0,49.0,544,1854
509,5/25/2015,42.0,62.0,52.0,544,1855
510,5/26/2015,43.0,64.0,54.0,544,1855
511,5/27/2015,44.0,57.0,51.0,544,1855
512,5/28/2015,43.0,60.0,52.0,544,1856
513,5/29/2015,44.0,62.0,53.0,543,1856
514,5/30/2015,41.0,54.0,48.0,543,1856
515,5/31/2015,39.0,52.0,46.0,543,1857
516,6/1/2015,38.0,54.0,46.0,543,1857
517,6/2/2015,41.0,56.0,49.0,543,1858
518,6/3/2015,41.0,55.0,48.0,543,1858
519,6/4/2015,39.0,55.0,47.0,543,1858
520,6/5/2015,37.0,53.0,45.0,543,1859
521,6/6/2015,36.0,55.0,46.0,543,1859
522,6/7/2015,40.0,54.0,47.0,543,1859
523,6/8/2015,38.0,56.0,47.0,543,1900
524,6/9/2015,38.0,53.0,46.0,543,1900
525,6/10/2015,37.0,49.0,43.0,543,1900
526,6/11/2015,34.0,46.0,40.0,543,1901
527,6/12/2015,32.0,50.0,41.0,543,1901
528,6/13/2015,39.0,52.0,46.0,543,1901
529,6/14/2015,42.0,57.0,50.0,544,1902
530,6/15/2015,41.0,63.0,52.0,544,1902
531,6/16/2015,48.0,61.0,55.0,544,1902
532,6/17/2015,46.0,65.0,56.0,544,1902
533,6/18/2015,45.0,67.0,56.0,544,1903
534,6/19/2015,43.0,61.0,52.0,544,1903
535,6/20/2015,43.0,60.0,52.0,545,1903
536,6/21/2015,45.0,60.0,53.0,545,1903
537,6/22/2015,45.0,59.0,52.0,545,1904
538,6/23/2015,46.0,65.0,56.0,545,1904
539,6/24/2015,42.0,60.0,51.0,545,1904
540,6/25/2015,42.0,59.0,51.0,546,1904
541,6/26/2015,42.0,57.0,50.0,546,1904
542,6/27/2015,38.0,56.0,47.0,546,1904
543,6/28/2015,42.0,55.0,49.0,546,1905
544,6/29/2015,40.0,56.0,48.0,547,1905
545,6/30/2015,40.0,56.0,48.0,547,1905
546,7/1/2015,37.0,54.0,46.0,547,1905
547,7/2/2015,38.0,54.0,46.0,548,1905
548,7/3/2015,38.0,56.0,47.0,548,1905
549,7/4/2015,39.0,56.0,48.0,548,1905
550,7/5/2015,41.0,59.0,50.0,549,1905
551,7/6/2015,43.0,60.0,52.0,549,1905
552,7/7/2015,39.0,55.0,47.0,549,1905
553,7/8/2015,40.0,53.0,47.0,550,1905
554,7/9/2015,38.0,55.0,47.0,550,1905
555,7/10/2015,40.0,55.0,48.0,550,1905
556,7/11/2015,46.0,60.0,53.0,551,1905
557,7/12/2015,46.0,58.0,52.0,551,1905
558,7/13/2015,45.0,57.0,51.0,551,1904
559,7/14/2015,45.0,60.0,53.0,552,1904
560,7/15/2015,44.0,66.0,55.0,552,1904
561,7/16/2015,43.0,59.0,51.0,553,1904
562,7/17/2015,41.0,54.0,48.0,553,1904
563,7/18/2015,39.0,56.0,48.0,553,1904
564,7/19/2015,43.0,56.0,50.0,554,1903
565,7/20/2015,40.0,51.0,46.0,554,1903
566,7/21/2015,37.0,49.0,43.0,554,1903
567,7/22/2015,37.0,52.0,45.0,555,1902
568,7/23/2015,39.0,59.0,49.0,555,1902
569,7/24/2015,43.0,59.0,51.0,556,1902
570,7/25/2015,45.0,56.0,51.0,556,1901
571,7/26/2015,42.0,58.0,50.0,556,1901
572,7/27/2015,44.0,55.0,50.0,557,1901
573,7/28/2015,40.0,55.0,48.0,557,1900
574,7/29/2015,46.0,62.0,54.0,557,1900
575,7/30/2015,48.0,64.0,56.0,558,1859
576,7/31/2015,45.0,63.0,54.0,558,1859
577,8/1/2015,46.0,66.0,56.0,558,1859
578,8/2/2015,45.0,52.0,49.0,559,1858
579,8/3/2015,44.0,51.0,48.0,559,1858
580,8/4/2015,40.0,54.0,47.0,559,1857
581,8/5/2015,43.0,56.0,50.0,600,1857
582,8/6/2015,41.0,54.0,48.0,600,1856
583,8/7/2015,41.0,59.0,50.0,600,1855
584,8/8/2015,43.0,64.0,54.0,601,1855
585,8/9/2015,43.0,63.0,53.0,601,1854
586,8/10/2015,40.0,59.0,50.0,601,1854
587,8/11/2015,39.0,55.0,47.0,602,1853
588,8/12/2015,40.0,55.0,48.0,602,1852
589,8/13/2015,40.0,56.0,48.0,602,1852
590,8/14/2015,44.0,56.0,50.0,603,1851
591,8/15/2015,41.0,53.0,47.0,603,1850
592,8/16/2015,41.0,52.0,47.0,603,1850
593,8/17/2015,42.0,53.0,48.0,603,1849
594,8/18/2015,40.0,52.0,46.0,604,1848
595,8/19/2015,39.0,52.0,46.0,604,1848
596,8/20/2015,38.0,51.0,45.0,604,1847
597,8/21/2015,42.0,65.0,54.0,604,1846
598,8/22/2015,46.0,59.0,53.0,605,1845
599,8/23/2015,45.0,57.0,51.0,605,1845
600,8/24/2015,43.0,48.0,46.0,605,1844
601,8/25/2015,42.0,52.0,47.0,605,1843
602,8/26/2015,42.0,55.0,49.0,606,1842
603,8/27/2015,41.0,57.0,49.0,606,1841
604,8/28/2015,43.0,59.0,51.0,606,1841
605,8/29/2015,42.0,59.0,51.0,606,1840
606,8/30/2015,42.0,56.0,49.0,607,1839
607,8/31/2015,41.0,55.0,48.0,607,1838
608,9/1/2015,42.0,60.0,51.0,607,1837
609,9/2/2015,43.0,52.0,48.0,607,1836
610,9/3/2015,42.0,52.0,47.0,607,1836
611,9/4/2015,40.0,53.0,47.0,608,1835
612,9/5/2015,39.0,54.0,47.0,608,1834
613,9/6/2015,41.0,54.0,48.0,608,1833
614,9/7/2015,42.0,53.0,48.0,608,1832
615,9/8/2015,41.0,59.0,50.0,608,1831
616,9/9/2015,46.0,60.0,53.0,609,1830
617,9/10/2015,42.0,56.0,49.0,609,1829
618,9/11/2015,42.0,59.0,51.0,609,1828
619,9/12/2015,41.0,56.0,49.0,609,1828
620,9/13/2015,43.0,62.0,53.0,609,1827
621,9/14/2015,42.0,62.0,52.0,610,1826
622,9/15/2015,40.0,57.0,49.0,610,1825
623,9/16/2015,39.0,54.0,47.0,610,1824
624,9/17/2015,38.0,53.0,46.0,610,1823
625,9/18/2015,38.0,54.0,46.0,610,1822
626,9/19/2015,39.0,55.0,47.0,611,1821
627,9/20/2015,41.0,58.0,50.0,611,1820
628,9/21/2015,43.0,54.0,49.0,611,1819
629,9/22/2015,39.0,54.0,47.0,611,1819
630,9/23/2015,37.0,54.0,46.0,611,1818
631,9/24/2015,38.0,55.0,47.0,612,1817
632,9/25/2015,39.0,54.0,47.0,612,1816
633,9/26/2015,42.0,53.0,48.0,612,1815
634,9/27/2015,39.0,54.0,47.0,612,1814
635,9/28/2015,39.0,53.0,46.0,612,1813
636,9/29/2015,38.0,52.0,45.0,613,1812
637,9/30/2015,39.0,60.0,50.0,613,1811
638,10/1/2015,39.0,57.0,48.0,613,1811
639,10/2/2015,39.0,57.0,48.0,613,1810
640,10/3/2015,43.0,63.0,53.0,614,1809
641,10/4/2015,45.0,57.0,51.0,614,1808
642,10/5/2015,42.0,58.0,50.0,614,1807
643,10/6/2015,39.0,54.0,47.0,614,1806
644,10/7/2015,41.0,62.0,52.0,615,1805
645,10/8/2015,41.0,60.0,51.0,615,1805
646,10/9/2015,40.0,58.0,49.0,615,1804
647,10/10/2015,41.0,56.0,49.0,615,1803
648,10/11/2015,43.0,60.0,52.0,616,1802
649,10/12/2015,40.0,58.0,49.0,616,1801
650,10/13/2015,39.0,56.0,48.0,616,1801
651,10/14/2015,38.0,58.0,48.0,616,1800
652,10/15/2015,39.0,54.0,47.0,617,1759
653,10/16/2015,42.0,60.0,51.0,617,1758
654,10/17/2015,42.0,54.0,48.0,617,1758
655,10/18/2015,40.0,58.0,49.0,618,1757
656,10/19/2015,41.0,58.0,50.0,618,1756
657,10/20/2015,40.0,57.0,49.0,618,1755
658,10/21/2015,41.0,54.0,48.0,619,1755
659,10/22/2015,40.0,55.0,48.0,619,1754
660,10/23/2015,38.0,56.0,47.0,620,1753
661,10/24/2015,42.0,57.0,50.0,620,1753
662,10/25/2015,45.0,60.0,53.0,620,1752
663,10/26/2015,44.0,63.0,54.0,621,1752
664,10/27/2015,42.0,63.0,53.0,621,1751
665,10/28/2015,44.0,57.0,51.0,622,1750
666,10/29/2015,38.0,53.0,46.0,622,1750
667,10/30/2015,42.0,54.0,48.0,622,1749
668,10/31/2015,42.0,61.0,52.0,623,1749
669,11/1/2015,41.0,57.0,49.0,623,1748
670,11/2/2015,40.0,59.0,50.0,624,1748
671,11/3/2015,43.0,57.0,50.0,624,1747
672,11/4/2015,42.0,58.0,50.0,625,1747
673,11/5/2015,40.0,60.0,50.0,625,1746
674,11/6/2015,41.0,59.0,50.0,626,1746
675,11/7/2015,42.0,60.0,51.0,626,1746
676,11/8/2015,39.0,58.0,49.0,627,1745
677,11/9/2015,37.0,52.0,45.0,627,1745
678,11/10/2015,35.0,51.0,43.0,628,1745
679,11/11/2015,37.0,53.0,45.0,628,1744
680,11/12/2015,38.0,49.0,44.0,629,1744
681,11/13/2015,37.0,49.0,43.0,629,1744
682,11/14/2015,36.0,52.0,44.0,630,1743
683,11/15/2015,36.0,51.0,44.0,630,1743
684,11/16/2015,35.0,52.0,44.0,631,1743
685,11/17/2015,37.0,56.0,47.0,632,1743
686,11/18/2015,36.0,53.0,45.0,632,1743
687,11/19/2015,43.0,56.0,50.0,633,1743
688,11/20/2015,43.0,51.0,47.0,633,1742
689,11/21/2015,41.0,53.0,47.0,634,1742
690,11/22/2015,42.0,58.0,50.0,635,1742
691,11/23/2015,42.0,55.0,49.0,635,1742
692,11/24/2015,42.0,53.0,48.0,636,1742
693,11/25/2015,38.0,55.0,47.0,636,1742
694,11/26/2015,40.0,56.0,48.0,637,1742
695,11/27/2015,41.0,58.0,50.0,638,1742
696,11/28/2015,39.0,54.0,47.0,638,1742
697,11/29/2015,40.0,58.0,49.0,639,1742
698,11/30/2015,44.0,60.0,52.0,640,1742
699,12/1/2015,43.0,60.0,52.0,640,1743
700,12/2/2015,40.0,61.0,51.0,641,1743
701,12/3/2015,42.0,57.0,50.0,641,1743
702,12/4/2015,42.0,56.0,49.0,642,1743
703,12/5/2015,39.0,58.0,49.0,643,1743
704,12/6/2015,39.0,63.0,51.0,643,1743
705,12/7/2015,45.0,63.0,54.0,644,1744
706,12/8/2015,44.0,60.0,52.0,645,1744
707,12/9/2015,41.0,56.0,49.0,645,1744
708,12/10/2015,39.0,54.0,47.0,646,1745
709,12/11/2015,42.0,53.0,48.0,646,1745
710,12/12/2015,39.0,55.0,47.0,647,1745
711,12/13/2015,36.0,52.0,44.0,648,1746
712,12/14/2015,36.0,54.0,45.0,648,1746
713,12/15/2015,33.0,49.0,41.0,649,1746
714,12/16/2015,35.0,53.0,44.0,649,1747
715,12/17/2015,37.0,54.0,46.0,650,1747
716,12/18/2015,38.0,53.0,46.0,650,1748
717,12/19/2015,34.0,46.0,40.0,651,1748
718,12/20/2015,35.0,49.0,42.0,651,1749
719,12/21/2015,35.0,47.0,41.0,652,1749
720,12/22/2015,34.0,51.0,43.0,652,1750
721,12/23/2015,33.0,46.0,40.0,653,1750
722,12/24/2015,32.0,49.0,41.0,653,1751
723,12/25/2015,35.0,48.0,42.0,654,1751
724,12/26/2015,35.0,49.0,42.0,654,1752
725,12/27/2015,35.0,50.0,43.0,655,1752
726,12/28/2015,35.0,45.0,40.0,655,1753
727,12/29/2015,31.0,49.0,40.0,655,1753
728,12/30/2015,36.0,52.0,44.0,656,1754
729,12/31/2015,40.0,56.0,48.0,656,1755
730,1/1/2016,38.0,57.0,48.0,657,1756
731,1/2/2016,35.0,54.0,45.0,657,1756
732,1/3/2016,39.0,54.0,47.0,657,1757
733,1/4/2016,37.0,53.0,45.0,658,1757
734,1/5/2016,34.0,51.0,43.0,658,1758
735,1/6/2016,36.0,56.0,46.0,658,1759
736,1/7/2016,37.0,58.0,48.0,658,1759
737,1/8/2016,37.0,54.0,46.0,659,1800
738,1/9/2016,40.0,54.0,47.0,659,1801
739,1/10/2016,39.0,53.0,46.0,659,1801
740,1/11/2016,37.0,57.0,47.0,659,1802
741,1/12/2016,39.0,54.0,47.0,659,1803
742,1/13/2016,37.0,59.0,48.0,659,1803
743,1/14/2016,40.0,60.0,50.0,659,1804
744,1/15/2016,40.0,56.0,48.0,659,1804
745,1/16/2016,38.0,54.0,46.0,700,1805
746,1/17/2016,37.0,56.0,47.0,700,1806
747,1/18/2016,41.0,55.0,48.0,700,1806
748,1/19/2016,40.0,60.0,50.0,700,1807
749,1/20/2016,42.0,58.0,50.0,659,1808
750,1/21/2016,42.0,57.0,50.0,659,1808
751,1/22/2016,41.0,59.0,50.0,659,1809
752,1/23/2016,39.0,59.0,49.0,659,1810
753,1/24/2016,38.0,55.0,47.0,659,1810
754,1/25/2016,35.0,54.0,45.0,659,1811
755,1/26/2016,39.0,58.0,49.0,659,1811
756,1/27/2016,37.0,59.0,48.0,659,1812
757,1/28/2016,44.0,62.0,53.0,658,1813
758,1/29/2016,49.0,64.0,57.0,658,1813
759,1/30/2016,45.0,62.0,54.0,658,1814
760,1/31/2016,41.0,59.0,50.0,658,1814
761,2/1/2016,36.0,54.0,45.0,657,1815
762,2/2/2016,38.0,52.0,45.0,657,1816
763,2/3/2016,38.0,55.0,47.0,657,1816
764,2/4/2016,40.0,58.0,49.0,656,1817
765,2/5/2016,37.0,58.0,48.0,656,1817
766,2/6/2016,36.0,57.0,47.0,655,1818
767,2/7/2016,33.0,47.0,40.0,655,1818
768,2/8/2016,31.0,53.0,42.0,655,1819
769,2/9/2016,37.0,53.0,45.0,654,1819
770,2/10/2016,35.0,55.0,45.0,654,1820
771,2/11/2016,38.0,54.0,46.0,653,1820
772,2/12/2016,41.0,59.0,50.0,653,1821
773,2/13/2016,43.0,60.0,52.0,652,1821
774,2/14/2016,42.0,60.0,51.0,652,1822
775,2/15/2016,38.0,58.0,48.0,651,1822
776,2/16/2016,37.0,59.0,48.0,651,1823
777,2/17/2016,44.0,57.0,51.0,650,1823
778,2/18/2016,38.0,57.0,48.0,649,1823
779,2/19/2016,36.0,57.0,47.0,649,1824
780,2/20/2016,37.0,59.0,48.0,648,1824
781,2/21/2016,39.0,61.0,50.0,647,1825
782,2/22/2016,43.0,60.0,52.0,647,1825
783,2/23/2016,45.0,63.0,54.0,646,1825
784,2/24/2016,45.0,62.0,54.0,646,1826
785,2/25/2016,39.0,53.0,46.0,645,1826
786,2/26/2016,36.0,53.0,45.0,644,1827
787,2/27/2016,36.0,59.0,48.0,643,1827
788,2/28/2016,36.0,55.0,46.0,643,1827
789,2/29/2016,37.0,60.0,49.0,642,1828
790,3/1/2016,40.0,60.0,50.0,641,1828
791,3/2/2016,39.0,61.0,50.0,640,1828
792,3/3/2016,44.0,57.0,51.0,640,1829
793,3/4/2016,42.0,58.0,50.0,639,1829
794,3/5/2016,39.0,56.0,48.0,638,1829
795,3/6/2016,37.0,60.0,49.0,637,1830
796,3/7/2016,40.0,58.0,49.0,637,1830
797,3/8/2016,43.0,66.0,55.0,636,1830
798,3/9/2016,40.0,60.0,50.0,635,1831
799,3/10/2016,37.0,57.0,47.0,634,1831
800,3/11/2016,36.0,52.0,44.0,633,1831
801,3/12/2016,36.0,54.0,45.0,632,1832
802,3/13/2016,38.0,53.0,46.0,632,1832
803,3/14/2016,40.0,54.0,47.0,631,1832
804,3/15/2016,36.0,52.0,44.0,630,1832
805,3/16/2016,38.0,51.0,45.0,629,1833
806,3/17/2016,34.0,55.0,45.0,628,1833
807,3/18/2016,35.0,53.0,44.0,627,1833
808,3/19/2016,36.0,55.0,46.0,626,1833
809,3/20/2016,38.0,54.0,46.0,626,1834
810,3/21/2016,36.0,55.0,46.0,625,1834
811,3/22/2016,35.0,52.0,44.0,624,1834
812,3/23/2016,34.0,46.0,40.0,623,1834
813,3/24/2016,33.0,47.0,40.0,622,1835
814,3/25/2016,31.0,51.0,41.0,621,1835
815,3/26/2016,34.0,50.0,42.0,620,1835
816,3/27/2016,38.0,56.0,47.0,620,1835
817,3/28/2016,42.0,60.0,51.0,619,1836
818,3/29/2016,43.0,61.0,52.0,618,1836
819,3/30/2016,42.0,60.0,51.0,617,1836
820,3/31/2016,44.0,59.0,52.0,616,1836
821,4/1/2016,42.0,57.0,50.0,615,1837
822,4/2/2016,41.0,59.0,50.0,614,1837
823,4/3/2016,42.0,62.0,52.0,614,1837
824,4/4/2016,47.0,60.0,54.0,613,1838
825,4/5/2016,44.0,61.0,53.0,612,1838
826,4/6/2016,40.0,59.0,50.0,611,1838
827,4/7/2016,36.0,60.0,48.0,610,1838
828,4/8/2016,38.0,54.0,46.0,610,1839
829,4/9/2016,40.0,56.0,48.0,609,1839
830,4/10/2016,40.0,54.0,47.0,608,1839
831,4/11/2016,41.0,60.0,51.0,607,1839
832,4/12/2016,41.0,59.0,50.0,606,1840
833,4/13/2016,39.0,59.0,49.0,606,1840
834,4/14/2016,41.0,57.0,49.0,605,1840
835,4/15/2016,36.0,53.0,45.0,604,1841
836,4/16/2016,36.0,51.0,44.0,603,1841
837,4/17/2016,36.0,53.0,45.0,602,1841
838,4/18/2016,37.0,58.0,48.0,602,1841
839,4/19/2016,38.0,54.0,46.0,601,1842
840,4/20/2016,,,,600,1842
841,4/21/2016,44.0,55.0,50.0,600,1842
842,4/22/2016,44.0,56.0,50.0,559,1843
843,4/23/2016,43.0,57.0,50.0,558,1843
844,4/24/2016,42.0,59.0,51.0,558,1843
845,4/25/2016,40.0,55.0,48.0,557,1844
846,4/26/2016,42.0,57.0,50.0,556,1844
847,4/27/2016,40.0,61.0,51.0,556,1844
848,4/28/2016,43.0,57.0,50.0,555,1845
849,4/29/2016,44.0,61.0,53.0,554,1845
850,4/30/2016,39.0,57.0,48.0,554,1845
851,5/1/2016,38.0,60.0,49.0,553,1846
852,5/2/2016,45.0,63.0,54.0,553,1846
853,5/3/2016,43.0,60.0,52.0,552,1846
854,5/4/2016,44.0,65.0,55.0,552,1847
855,5/5/2016,44.0,58.0,51.0,551,1847
856,5/6/2016,41.0,56.0,49.0,550,1847
857,5/7/2016,38.0,55.0,47.0,550,1848
858,5/8/2016,40.0,53.0,47.0,550,1848
859,5/9/2016,36.0,52.0,44.0,549,1849
860,5/10/2016,34.0,52.0,43.0,549,1849
861,5/11/2016,36.0,54.0,45.0,548,1849
862,5/12/2016,37.0,53.0,45.0,548,1850
863,5/13/2016,38.0,50.0,44.0,547,1850
864,5/14/2016,39.0,61.0,50.0,547,1851
865,5/15/2016,44.0,59.0,52.0,547,1851
866,5/16/2016,43.0,60.0,52.0,546,1851
867,5/17/2016,43.0,60.0,52.0,546,1852
868,5/18/2016,43.0,58.0,51.0,546,1852
869,5/19/2016,40.0,61.0,51.0,545,1853
870,5/20/2016,41.0,57.0,49.0,545,1853
871,5/21/2016,40.0,58.0,49.0,545,1853
872,5/22/2016,38.0,56.0,47.0,545,1854
873,5/23/2016,36.0,51.0,44.0,544,1854
874,5/24/2016,33.0,51.0,42.0,544,1855
875,5/25/2016,36.0,49.0,43.0,544,1855
876,5/26/2016,36.0,52.0,44.0,544,1855
877,5/27/2016,35.0,52.0,44.0,544,1856
878,5/28/2016,39.0,51.0,45.0,543,1856
879,5/29/2016,39.0,53.0,46.0,543,1856
880,5/30/2016,38.0,55.0,47.0,543,1857
881,5/31/2016,44.0,54.0,49.0,543,1857
882,6/1/2016,41.0,54.0,48.0,543,1858
883,6/2/2016,40.0,58.0,49.0,543,1858
884,6/3/2016,41.0,56.0,49.0,543,1858
885,6/4/2016,44.0,60.0,52.0,543,1859
886,6/5/2016,45.0,58.0,52.0,543,1859
887,6/6/2016,44.0,57.0,51.0,543,1859
888,6/7/2016,44.0,59.0,52.0,543,1900
889,6/8/2016,45.0,58.0,52.0,543,1900
890,6/9/2016,46.0,60.0,53.0,543,1900
891,6/10/2016,44.0,61.0,53.0,543,1901
892,6/11/2016,40.0,54.0,47.0,543,1901
893,6/12/2016,40.0,58.0,49.0,543,1901
894,6/13/2016,40.0,58.0,49.0,544,1902
895,6/14/2016,38.0,57.0,48.0,544,1902
896,6/15/2016,40.0,55.0,48.0,544,1902
897,6/16/2016,42.0,61.0,52.0,544,1902
898,6/17/2016,46.0,60.0,53.0,544,1903
899,6/18/2016,41.0,60.0,51.0,544,1903
900,6/19/2016,42.0,60.0,51.0,545,1903
901,6/20/2016,41.0,57.0,49.0,545,1903
902,6/21/2016,39.0,56.0,48.0,545,1904
903,6/22/2016,40.0,56.0,48.0,545,1904
904,6/23/2016,42.0,56.0,49.0,545,1904
905,6/24/2016,42.0,58.0,50.0,546,1904
906,6/25/2016,43.0,56.0,50.0,546,1904
907,6/26/2016,41.0,55.0,48.0,546,1904
908,6/27/2016,37.0,53.0,45.0,546,1905
909,6/28/2016,39.0,53.0,46.0,547,1905
910,6/29/2016,38.0,54.0,46.0,547,1905
911,6/30/2016,43.0,58.0,51.0,547,1905
912,7/1/2016,39.0,57.0,48.0,548,1905
913,7/2/2016,43.0,63.0,53.0,548,1905
914,7/3/2016,45.0,67.0,56.0,548,1905
915,7/4/2016,44.0,58.0,51.0,549,1905
916,7/5/2016,40.0,54.0,47.0,549,1905
917,7/6/2016,38.0,56.0,47.0,549,1905
918,7/7/2016,43.0,61.0,52.0,550,1905
919,7/8/2016,43.0,60.0,52.0,550,1905
920,7/9/2016,42.0,56.0,49.0,550,1905
921,7/10/2016,39.0,51.0,45.0,551,1905
922,7/11/2016,36.0,50.0,43.0,551,1905
923,7/12/2016,38.0,52.0,45.0,551,1904
924,7/13/2016,36.0,54.0,45.0,552,1904
925,7/14/2016,39.0,56.0,48.0,552,1904
926,7/15/2016,42.0,57.0,50.0,553,1904
927,7/16/2016,39.0,57.0,48.0,553,1904
928,7/17/2016,40.0,54.0,47.0,553,1904
929,7/18/2016,39.0,49.0,44.0,554,1903
930,7/19/2016,38.0,52.0,45.0,554,1903
931,7/20/2016,40.0,55.0,48.0,554,1903
932,7/21/2016,41.0,62.0,52.0,555,1902
933,7/22/2016,40.0,57.0,49.0,555,1902
934,7/23/2016,43.0,52.0,48.0,556,1902
935,7/24/2016,44.0,51.0,48.0,556,1901
936,7/25/2016,42.0,58.0,50.0,556,1901
937,7/26/2016,41.0,59.0,50.0,557,1901
938,7/27/2016,39.0,57.0,48.0,557,1900
939,7/28/2016,38.0,59.0,49.0,557,1900
940,7/29/2016,37.0,58.0,48.0,558,1859
941,7/30/2016,39.0,57.0,48.0,558,1859
942,7/31/2016,41.0,55.0,48.0,558,1859
943,8/1/2016,42.0,56.0,49.0,559,1858
944,8/2/2016,40.0,58.0,49.0,559,1858
945,8/3/2016,37.0,57.0,47.0,559,1857
946,8/4/2016,40.0,58.0,49.0,600,1857
947,8/5/2016,41.0,62.0,52.0,600,1856
948,8/6/2016,37.0,59.0,48.0,600,1855
949,8/7/2016,40.0,58.0,49.0,601,1855
950,8/8/2016,42.0,60.0,51.0,601,1854
951,8/9/2016,40.0,60.0,50.0,601,1854
952,8/10/2016,42.0,62.0,52.0,602,1853
953,8/11/2016,42.0,60.0,51.0,602,1852
954,8/12/2016,44.0,61.0,53.0,602,1852
955,8/13/2016,41.0,54.0,48.0,603,1851
956,8/14/2016,42.0,53.0,48.0,603,1850
957,8/15/2016,40.0,56.0,48.0,603,1850
958,8/16/2016,39.0,56.0,48.0,603,1849
959,8/17/2016,40.0,60.0,50.0,604,1848
960,8/18/2016,42.0,59.0,51.0,604,1848
961,8/19/2016,43.0,57.0,50.0,604,1847
962,8/20/2016,37.0,59.0,48.0,604,1846
963,8/21/2016,40.0,54.0,47.0,605,1845
964,8/22/2016,44.0,49.0,47.0,605,1845
965,8/23/2016,42.0,53.0,48.0,605,1844
966,8/24/2016,41.0,53.0,47.0,605,1843
967,8/25/2016,41.0,54.0,48.0,606,1842
968,8/26/2016,41.0,58.0,50.0,606,1841
969,8/27/2016,38.0,54.0,46.0,606,1841
970,8/28/2016,35.0,53.0,44.0,606,1840
971,8/29/2016,38.0,50.0,44.0,607,1839
972,8/30/2016,37.0,58.0,48.0,607,1838
973,8/31/2016,42.0,49.0,46.0,607,1837
974,9/1/2016,40.0,54.0,47.0,607,1836
975,9/2/2016,41.0,59.0,50.0,607,1836
976,9/3/2016,41.0,52.0,47.0,608,1835
977,9/4/2016,41.0,52.0,47.0,608,1834
978,9/5/2016,40.0,55.0,48.0,608,1833
979,9/6/2016,39.0,59.0,49.0,608,1832
980,9/7/2016,37.0,55.0,46.0,608,1831
981,9/8/2016,36.0,52.0,44.0,609,1830
982,9/9/2016,38.0,55.0,47.0,609,1829
983,9/10/2016,39.0,56.0,48.0,609,1828
984,9/11/2016,37.0,56.0,47.0,609,1828
985,9/12/2016,42.0,57.0,50.0,609,1827
986,9/13/2016,42.0,57.0,50.0,610,1826
987,9/14/2016,39.0,52.0,46.0,610,1825
988,9/15/2016,38.0,46.0,42.0,610,1824
989,9/16/2016,39.0,54.0,47.0,610,1823
990,9/17/2016,42.0,55.0,49.0,610,1822
991,9/18/2016,41.0,57.0,49.0,611,1821
992,9/19/2016,42.0,60.0,51.0,611,1820
993,9/20/2016,42.0,59.0,51.0,611,1819
994,9/21/2016,44.0,59.0,52.0,611,1819
995,9/22/2016,41.0,55.0,48.0,611,1818
996,9/23/2016,40.0,55.0,48.0,612,1817
997,9/24/2016,40.0,54.0,47.0,612,1816
998,9/25/2016,38.0,55.0,47.0,612,1815
999,9/26/2016,41.0,58.0,50.0,612,1814
1000,9/27/2016,37.0,50.0,44.0,612,1813
1001,9/28/2016,36.0,53.0,45.0,613,1812
1002,9/29/2016,36.0,59.0,48.0,613,1811
1003,9/30/2016,39.0,58.0,49.0,613,1811
1004,10/1/2016,39.0,56.0,48.0,613,1810
1005,10/2/2016,37.0,55.0,46.0,614,1809
1006,10/3/2016,38.0,49.0,44.0,614,1808
1007,10/4/2016,40.0,51.0,46.0,614,1807
1008,10/5/2016,37.0,53.0,45.0,614,1806
1009,10/6/2016,38.0,50.0,44.0,615,1805
1010,10/7/2016,36.0,52.0,44.0,615,1805
1011,10/8/2016,38.0,52.0,45.0,615,1804
1012,10/9/2016,35.0,55.0,45.0,615,1803
1013,10/10/2016,41.0,56.0,49.0,616,1802
1014,10/11/2016,40.0,56.0,48.0,616,1801
1015,10/12/2016,38.0,63.0,51.0,616,1801
1016,10/13/2016,42.0,62.0,52.0,616,1800
1017,10/14/2016,45.0,63.0,54.0,617,1759
1018,10/15/2016,45.0,64.0,55.0,617,1758
1019,10/16/2016,40.0,58.0,49.0,617,1758
1020,10/17/2016,39.0,58.0,49.0,618,1757
1021,10/18/2016,40.0,56.0,48.0,618,1756
1022,10/19/2016,39.0,57.0,48.0,618,1755
1023,10/20/2016,38.0,51.0,45.0,619,1755
1024,10/21/2016,38.0,55.0,47.0,619,1754
1025,10/22/2016,37.0,56.0,47.0,620,1753
1026,10/23/2016,42.0,62.0,52.0,620,1753
1027,10/24/2016,42.0,61.0,52.0,620,1752
1028,10/25/2016,38.0,56.0,47.0,621,1752
1029,10/26/2016,40.0,59.0,50.0,621,1751
1030,10/27/2016,40.0,58.0,49.0,622,1750
1031,10/28/2016,41.0,55.0,48.0,622,1750
1032,10/29/2016,38.0,54.0,46.0,622,1749
1033,10/30/2016,39.0,55.0,47.0,623,1749
1034,10/31/2016,40.0,56.0,48.0,623,1748
1035,11/1/2016,42.0,55.0,49.0,624,1748
1036,11/2/2016,38.0,58.0,48.0,624,1747
1037,11/3/2016,42.0,59.0,51.0,625,1747
1038,11/4/2016,40.0,58.0,49.0,625,1746
1039,11/5/2016,41.0,58.0,50.0,626,1746
1040,11/6/2016,38.0,59.0,49.0,626,1746
1041,11/7/2016,38.0,56.0,47.0,627,1745
1042,11/8/2016,38.0,53.0,46.0,627,1745
1043,11/9/2016,41.0,54.0,48.0,628,1745
1044,11/10/2016,43.0,54.0,49.0,628,1744
1045,11/11/2016,40.0,54.0,47.0,629,1744
1046,11/12/2016,36.0,54.0,45.0,629,1744
1047,11/13/2016,38.0,57.0,48.0,630,1743
1048,11/14/2016,41.0,57.0,49.0,630,1743
1049,11/15/2016,40.0,56.0,48.0,631,1743
1050,11/16/2016,41.0,54.0,48.0,632,1743
1051,11/17/2016,40.0,56.0,48.0,632,1743
1052,11/18/2016,40.0,57.0,49.0,633,1743
1053,11/19/2016,41.0,58.0,50.0,633,1742
1054,11/20/2016,41.0,54.0,48.0,634,1742
1055,11/21/2016,38.0,53.0,46.0,635,1742
1056,11/22/2016,36.0,52.0,44.0,635,1742
1057,11/23/2016,41.0,57.0,49.0,636,1742
1058,11/24/2016,39.0,55.0,47.0,636,1742
1059,11/25/2016,39.0,56.0,48.0,637,1742
1060,11/26/2016,42.0,57.0,50.0,638,1742
1061,11/27/2016,41.0,56.0,49.0,638,1742
1062,11/28/2016,38.0,54.0,46.0,639,1742
1063,11/29/2016,38.0,52.0,45.0,640,1742
1064,11/30/2016,34.0,46.0,40.0,640,1743
1065,12/1/2016,31.0,37.0,34.0,641,1743
1066,12/2/2016,32.0,38.0,35.0,641,1743
1067,12/3/2016,35.0,44.0,40.0,642,1743
1068,12/4/2016,37.0,44.0,41.0,643,1743
1069,12/5/2016,42.0,52.0,47.0,643,1743
1070,12/6/2016,40.0,52.0,46.0,644,1744
1071,12/7/2016,37.0,49.0,43.0,645,1744
1072,12/8/2016,40.0,51.0,46.0,645,1744
1073,12/9/2016,39.0,50.0,45.0,646,1745
1074,12/10/2016,39.0,43.0,41.0,646,1745
1075,12/11/2016,37.0,50.0,44.0,647,1745
1076,12/12/2016,36.0,49.0,43.0,648,1746
1077,12/13/2016,36.0,48.0,42.0,648,1746
1078,12/14/2016,36.0,53.0,45.0,649,1746
1079,12/15/2016,33.0,55.0,44.0,649,1747
1080,12/16/2016,34.0,44.0,39.0,650,1747
1081,12/17/2016,35.0,48.0,42.0,650,1748
1082,12/18/2016,33.0,41.0,37.0,651,1748
1083,12/19/2016,37.0,50.0,44.0,651,1749
1084,12/20/2016,38.0,51.0,45.0,652,1749
1085,12/21/2016,37.0,53.0,45.0,652,1750
1086,12/22/2016,38.0,56.0,47.0,653,1750
1087,12/23/2016,39.0,55.0,47.0,653,1751
1088,12/24/2016,37.0,56.0,47.0,654,1751
1089,12/25/2016,36.0,48.0,42.0,654,1752
1090,12/26/2016,35.0,49.0,42.0,655,1752
1091,12/27/2016,35.0,53.0,44.0,655,1753
1092,12/28/2016,35.0,51.0,43.0,655,1753
1093,12/29/2016,29.0,45.0,37.0,656,1754
1094,12/30/2016,33.0,45.0,39.0,656,1755
1095,12/31/2016,33.0,43.0,38.0,657,1755
1096,1/1/2017,31.0,46.0,39.0,657,1756
1097,1/2/2017,34.0,52.0,43.0,657,1756
1098,1/3/2017,35.0,51.0,43.0,657,1757
1099,1/4/2017,34.0,50.0,42.0,658,1757
1100,1/5/2017,33.0,46.0,40.0,658,1758
1101,1/6/2017,34.0,48.0,41.0,658,1759
1102,1/7/2017,33.0,48.0,41.0,658,1759
1103,1/8/2017,33.0,52.0,43.0,659,1800
1104,1/9/2017,39.0,55.0,47.0,659,1801
1105,1/10/2017,36.0,53.0,45.0,659,1801
1106,1/11/2017,34.0,50.0,42.0,659,1802
1107,1/12/2017,29.0,49.0,39.0,659,1803
1108,1/13/2017,34.0,52.0,43.0,659,1803
1109,1/14/2017,37.0,50.0,44.0,659,1804
1110,1/15/2017,35.0,55.0,45.0,659,1804
1111,1/16/2017,38.0,51.0,45.0,700,1805
1112,1/17/2017,39.0,54.0,47.0,700,1806
1113,1/18/2017,38.0,54.0,46.0,700,1806
1114,1/19/2017,43.0,57.0,50.0,700,1807
1115,1/20/2017,41.0,61.0,51.0,659,1808
1116,1/21/2017,36.0,54.0,45.0,659,1808
1117,1/22/2017,34.0,49.0,42.0,659,1809
1118,1/23/2017,31.0,48.0,40.0,659,1810
1119,1/24/2017,30.0,45.0,38.0,659,1810
1120,1/25/2017,29.0,50.0,40.0,659,1811
1121,1/26/2017,38.0,54.0,46.0,659,1811
1122,1/27/2017,42.0,59.0,51.0,659,1812
1123,1/28/2017,36.0,55.0,46.0,658,1813
1124,1/29/2017,34.0,52.0,43.0,658,1813
1125,1/30/2017,31.0,49.0,40.0,658,1814
1126,1/31/2017,33.0,52.0,43.0,658,1814
1127,2/1/2017,32.0,48.0,40.0,657,1815
1128,2/2/2017,31.0,51.0,41.0,657,1816
1129,2/3/2017,34.0,47.0,41.0,657,1816
1130,2/4/2017,33.0,52.0,43.0,656,1817
1131,2/5/2017,40.0,57.0,49.0,656,1817
1132,2/6/2017,41.0,55.0,48.0,655,1818
1133,2/7/2017,38.0,51.0,45.0,655,1818
1134,2/8/2017,38.0,54.0,46.0,655,1819
1135,2/9/2017,40.0,55.0,48.0,654,1819
1136,2/10/2017,44.0,56.0,50.0,654,1820
1137,2/11/2017,33.0,53.0,43.0,653,1820
1138,2/12/2017,32.0,53.0,43.0,653,1821
1139,2/13/2017,38.0,56.0,47.0,652,1821
1140,2/14/2017,41.0,58.0,50.0,652,1822
1141,2/15/2017,41.0,56.0,49.0,651,1822
1142,2/16/2017,37.0,57.0,47.0,651,1823
1143,2/17/2017,40.0,57.0,49.0,650,1823
1144,2/18/2017,37.0,52.0,45.0,649,1823
1145,2/19/2017,32.0,47.0,40.0,649,1824
1146,2/20/2017,28.0,46.0,37.0,648,1824
1147,2/21/2017,25.0,40.0,33.0,647,1825
1148,2/22/2017,27.0,42.0,35.0,647,1825
1149,2/23/2017,25.0,42.0,34.0,646,1825
1150,2/24/2017,25.0,45.0,35.0,646,1826
1151,2/25/2017,31.0,47.0,39.0,645,1826
1152,2/26/2017,36.0,43.0,40.0,644,1827
1153,2/27/2017,33.0,43.0,38.0,643,1827
1154,2/28/2017,34.0,43.0,39.0,643,1827
1155,3/1/2017,33.0,44.0,39.0,642,1828
1156,3/2/2017,34.0,48.0,41.0,641,1828
1157,3/3/2017,34.0,52.0,43.0,640,1828
1158,3/4/2017,33.0,53.0,43.0,640,1829
1159,3/5/2017,36.0,51.0,44.0,639,1829
1160,3/6/2017,34.0,50.0,42.0,638,1829
1161,3/7/2017,34.0,52.0,43.0,637,1830
1162,3/8/2017,36.0,49.0,43.0,637,1830
1163,3/9/2017,35.0,46.0,41.0,636,1830
1164,3/10/2017,33.0,48.0,41.0,635,1831
1165,3/11/2017,31.0,42.0,37.0,634,1831
1166,3/12/2017,31.0,45.0,38.0,633,1831
1167,3/13/2017,34.0,50.0,42.0,632,1832
1168,3/14/2017,35.0,54.0,45.0,632,1832
1169,3/15/2017,38.0,56.0,47.0,631,1832
1170,3/16/2017,35.0,55.0,45.0,630,1832
1171,3/17/2017,36.0,56.0,46.0,629,1833
1172,3/18/2017,39.0,59.0,49.0,628,1833
1173,3/19/2017,40.0,55.0,48.0,627,1833
1174,3/20/2017,38.0,56.0,47.0,626,1833
1175,3/21/2017,39.0,60.0,50.0,626,1834
1176,3/22/2017,41.0,61.0,51.0,625,1834
1177,3/23/2017,36.0,51.0,44.0,624,1834
1178,3/24/2017,38.0,58.0,48.0,623,1834
1179,3/25/2017,35.0,56.0,46.0,622,1835
1180,3/26/2017,35.0,57.0,46.0,621,1835
1181,3/27/2017,39.0,59.0,49.0,620,1835
1182,3/28/2017,40.0,56.0,48.0,620,1835
1183,3/29/2017,41.0,58.0,50.0,619,1836
1184,3/30/2017,37.0,56.0,47.0,618,1836
1185,3/31/2017,39.0,53.0,46.0,617,1836
1186,4/1/2017,35.0,54.0,45.0,616,1836
1187,4/2/2017,36.0,54.0,45.0,615,1837
1188,4/3/2017,38.0,55.0,47.0,614,1837
1189,4/4/2017,41.0,61.0,51.0,614,1837
1190,4/5/2017,46.0,64.0,55.0,613,1838
1191,4/6/2017,45.0,62.0,54.0,612,1838
1192,4/7/2017,46.0,63.0,55.0,611,1838
1193,4/8/2017,42.0,64.0,53.0,610,1838
1194,4/9/2017,41.0,57.0,49.0,610,1839
1195,4/10/2017,38.0,53.0,46.0,609,1839
1196,4/11/2017,36.0,56.0,46.0,608,1839
1197,4/12/2017,34.0,48.0,41.0,607,1839
1198,4/13/2017,36.0,55.0,46.0,606,1840
1199,4/14/2017,34.0,47.0,41.0,606,1840
1200,4/15/2017,34.0,51.0,43.0,605,1840
1201,4/16/2017,37.0,53.0,45.0,604,1841
1202,4/17/2017,35.0,54.0,45.0,603,1841
1203,4/18/2017,36.0,52.0,44.0,602,1841
1204,4/19/2017,,,,602,1841
1205,4/20/2017,35.0,53.0,44.0,601,1842
1206,4/21/2017,35.0,56.0,46.0,600,1842
1207,4/22/2017,38.0,61.0,50.0,600,1842
1208,4/23/2017,39.0,55.0,47.0,559,1843
1209,4/24/2017,38.0,55.0,47.0,558,1843
1210,4/25/2017,40.0,60.0,50.0,558,1843
1211,4/26/2017,44.0,59.0,52.0,557,1844
1212,4/27/2017,42.0,58.0,50.0,556,1844
1213,4/28/2017,35.0,53.0,44.0,556,1844
1214,4/29/2017,36.0,50.0,43.0,555,1845
1215,4/30/2017,35.0,44.0,40.0,554,1845
1216,5/1/2017,35.0,46.0,41.0,554,1845
1217,5/2/2017,35.0,49.0,42.0,553,1846
1218,5/3/2017,36.0,47.0,42.0,553,1846
1219,5/4/2017,38.0,60.0,49.0,552,1846
1220,5/5/2017,38.0,60.0,49.0,552,1847
1221,5/6/2017,40.0,61.0,51.0,551,1847
1222,5/7/2017,39.0,56.0,48.0,550,1847
1223,5/8/2017,38.0,57.0,48.0,550,1848
1224,5/9/2017,36.0,56.0,46.0,550,1848
1225,5/10/2017,35.0,53.0,44.0,549,1849
1226,5/11/2017,36.0,50.0,43.0,549,1849
1227,5/12/2017,37.0,58.0,48.0,548,1849
1228,5/13/2017,38.0,55.0,47.0,548,1850
1229,5/14/2017,36.0,55.0,46.0,547,1850
1230,5/15/2017,34.0,53.0,44.0,547,1851
1231,5/16/2017,35.0,53.0,44.0,547,1851
1232,5/17/2017,34.0,53.0,44.0,546,1851
1233,5/18/2017,35.0,49.0,42.0,546,1852
1234,5/19/2017,35.0,51.0,43.0,546,1852
1235,5/20/2017,39.0,57.0,48.0,545,1853
1236,5/21/2017,43.0,56.0,50.0,545,1853
1237,5/22/2017,43.0,63.0,53.0,545,1853
1238,5/23/2017,43.0,65.0,54.0,545,1854
1239,5/24/2017,42.0,53.0,48.0,544,1854
1240,5/25/2017,38.0,53.0,46.0,544,1855
1241,5/26/2017,35.0,50.0,43.0,544,1855
1242,5/27/2017,33.0,48.0,41.0,544,1855
1243,5/28/2017,32.0,49.0,41.0,544,1856
1244,5/29/2017,38.0,53.0,46.0,543,1856
1245,5/30/2017,36.0,56.0,46.0,543,1856
1246,5/31/2017,43.0,58.0,51.0,543,1857
1247,6/1/2017,45.0,62.0,54.0,543,1857
1248,6/2/2017,44.0,64.0,54.0,543,1858
1249,6/3/2017,44.0,63.0,54.0,543,1858
1250,6/4/2017,44.0,63.0,54.0,543,1858
1251,6/5/2017,43.0,59.0,51.0,543,1859
1252,6/6/2017,42.0,60.0,51.0,543,1859
1253,6/7/2017,43.0,62.0,53.0,543,1859
1254,6/8/2017,47.0,64.0,56.0,543,1900
1255,6/9/2017,46.0,66.0,56.0,543,1900
1256,6/10/2017,43.0,62.0,53.0,543,1900
1257,6/11/2017,41.0,61.0,51.0,543,1901
1258,6/12/2017,42.0,58.0,50.0,543,1901
1259,6/13/2017,40.0,60.0,50.0,543,1901
1260,6/14/2017,39.0,57.0,48.0,544,1902
1261,6/15/2017,39.0,55.0,47.0,544,1902
1262,6/16/2017,40.0,58.0,49.0,544,1902
1263,6/17/2017,42.0,59.0,51.0,544,1902
1264,6/18/2017,46.0,60.0,53.0,544,1903
1265,6/19/2017,46.0,65.0,56.0,544,1903
1266,6/20/2017,47.0,64.0,56.0,545,1903
1267,6/21/2017,47.0,62.0,55.0,545,1903
1268,6/22/2017,46.0,61.0,54.0,545,1904
1269,6/23/2017,45.0,57.0,51.0,545,1904
1270,6/24/2017,45.0,62.0,54.0,545,1904
1271,6/25/2017,44.0,57.0,51.0,546,1904
1272,6/26/2017,40.0,62.0,51.0,546,1904
1273,6/27/2017,45.0,63.0,54.0,546,1904
1274,6/28/2017,41.0,56.0,49.0,546,1905
1275,6/29/2017,42.0,61.0,52.0,547,1905
1276,6/30/2017,44.0,61.0,53.0,547,1905
1277,7/1/2017,40.0,57.0,49.0,547,1905
1278,7/2/2017,39.0,54.0,47.0,548,1905
1279,7/3/2017,42.0,59.0,51.0,548,1905
1280,7/4/2017,40.0,56.0,48.0,548,1905
1281,7/5/2017,40.0,56.0,48.0,549,1905
1282,7/6/2017,41.0,57.0,49.0,549,1905
1283,7/7/2017,40.0,59.0,50.0,549,1905
1284,7/8/2017,39.0,58.0,49.0,550,1905
1285,7/9/2017,40.0,54.0,47.0,550,1905
1286,7/10/2017,38.0,53.0,46.0,550,1905
1287,7/11/2017,39.0,55.0,47.0,551,1905
1288,7/12/2017,40.0,57.0,49.0,551,1905
1289,7/13/2017,39.0,58.0,49.0,551,1904
1290,7/14/2017,38.0,54.0,46.0,552,1904
1291,7/15/2017,36.0,52.0,44.0,552,1904
1292,7/16/2017,42.0,58.0,50.0,553,1904
1293,7/17/2017,42.0,57.0,50.0,553,1904
1294,7/18/2017,41.0,53.0,47.0,553,1904
1295,7/19/2017,40.0,59.0,50.0,554,1903
1296,7/20/2017,41.0,61.0,51.0,554,1903
1297,7/21/2017,40.0,60.0,50.0,554,1903
1298,7/22/2017,42.0,60.0,51.0,555,1902
1299,7/23/2017,40.0,62.0,51.0,555,1902
1300,7/24/2017,42.0,53.0,48.0,556,1902
1301,7/25/2017,40.0,58.0,49.0,556,1901
1302,7/26/2017,38.0,58.0,48.0,556,1901
1303,7/27/2017,43.0,59.0,51.0,557,1901
1304,7/28/2017,44.0,60.0,52.0,557,1900
1305,7/29/2017,41.0,57.0,49.0,557,1900
1306,7/30/2017,44.0,61.0,53.0,558,1859
1307,7/31/2017,44.0,63.0,54.0,558,1859
1308,8/1/2017,42.0,56.0,49.0,558,1859
1309,8/2/2017,39.0,54.0,47.0,559,1858
1310,8/3/2017,40.0,54.0,47.0,559,1858
1311,8/4/2017,42.0,63.0,53.0,559,1857
1312,8/5/2017,45.0,65.0,55.0,600,1857
1313,8/6/2017,43.0,58.0,51.0,600,1856
1314,8/7/2017,43.0,58.0,51.0,600,1855
1315,8/8/2017,42.0,59.0,51.0,601,1855
1316,8/9/2017,42.0,58.0,50.0,601,1854
1317,8/10/2017,41.0,59.0,50.0,601,1854
1318,8/11/2017,45.0,63.0,54.0,602,1853
1319,8/12/2017,47.0,66.0,57.0,602,1852
1320,8/13/2017,45.0,62.0,54.0,602,1852
1321,8/14/2017,43.0,58.0,51.0,603,1851
1322,8/15/2017,43.0,59.0,51.0,603,1850
1323,8/16/2017,43.0,58.0,51.0,603,1850
1324,8/17/2017,41.0,58.0,50.0,603,1849
1325,8/18/2017,42.0,60.0,51.0,604,1848
1326,8/19/2017,39.0,56.0,48.0,604,1848
1327,8/20/2017,40.0,55.0,48.0,604,1847
1328,8/21/2017,38.0,49.0,44.0,604,1846
1329,8/22/2017,40.0,57.0,49.0,605,1845
1330,8/23/2017,44.0,59.0,52.0,605,1845
1331,8/24/2017,44.0,62.0,53.0,605,1844
1332,8/25/2017,44.0,61.0,53.0,605,1843
1333,8/26/2017,41.0,58.0,50.0,606,1842
1334,8/27/2017,40.0,58.0,49.0,606,1841
1335,8/28/2017,38.0,55.0,47.0,606,1841
1336,8/29/2017,39.0,52.0,46.0,606,1840
1337,8/30/2017,37.0,54.0,46.0,607,1839
1338,8/31/2017,40.0,59.0,50.0,607,1838
1339,9/1/2017,44.0,63.0,54.0,607,1837
1340,9/2/2017,40.0,56.0,48.0,607,1836
1341,9/3/2017,42.0,59.0,51.0,607,1836
1342,9/4/2017,40.0,58.0,49.0,608,1835
1343,9/5/2017,40.0,58.0,49.0,608,1834
1344,9/6/2017,41.0,55.0,48.0,608,1833
1345,9/7/2017,37.0,53.0,45.0,608,1832
1346,9/8/2017,39.0,53.0,46.0,608,1831
1347,9/9/2017,38.0,51.0,45.0,609,1830
1348,9/10/2017,39.0,53.0,46.0,609,1829
1349,9/11/2017,41.0,55.0,48.0,609,1828
1350,9/12/2017,42.0,58.0,50.0,609,1828
1351,9/13/2017,43.0,56.0,50.0,609,1827
1352,9/14/2017,43.0,59.0,51.0,610,1826
1353,9/15/2017,42.0,60.0,51.0,610,1825
1354,9/16/2017,42.0,60.0,51.0,610,1824
1355,9/17/2017,45.0,64.0,55.0,610,1823
1356,9/18/2017,42.0,60.0,51.0,610,1822
1357,9/19/2017,39.0,57.0,48.0,611,1821
1358,9/20/2017,38.0,50.0,44.0,611,1820
1359,9/21/2017,39.0,53.0,46.0,611,1819
1360,9/22/2017,37.0,50.0,44.0,611,1819
1361,9/23/2017,39.0,54.0,47.0,611,1818
1362,9/24/2017,35.0,54.0,45.0,612,1817
1363,9/25/2017,39.0,56.0,48.0,612,1816
1364,9/26/2017,37.0,56.0,47.0,612,1815
1365,9/27/2017,39.0,58.0,49.0,612,1814
1366,9/28/2017,40.0,60.0,50.0,612,1813
1367,9/29/2017,41.0,60.0,51.0,613,1812
1368,9/30/2017,36.0,51.0,44.0,613,1811
1369,10/1/2017,37.0,53.0,45.0,613,1811
1370,10/2/2017,38.0,54.0,46.0,613,1810
1371,10/3/2017,39.0,56.0,48.0,614,1809
1372,10/4/2017,40.0,60.0,50.0,614,1808
1373,10/5/2017,42.0,60.0,51.0,614,1807
1374,10/6/2017,43.0,58.0,51.0,614,1806
1375,10/7/2017,41.0,55.0,48.0,615,1805
1376,10/8/2017,42.0,58.0,50.0,615,1805
1377,10/9/2017,48.0,59.0,54.0,615,1804
1378,10/10/2017,44.0,59.0,52.0,615,1803
1379,10/11/2017,44.0,57.0,51.0,616,1802
1380,10/12/2017,41.0,57.0,49.0,616,1801
1381,10/13/2017,39.0,53.0,46.0,616,1801
1382,10/14/2017,37.0,54.0,46.0,616,1800
1383,10/15/2017,39.0,51.0,45.0,617,1759
1384,10/16/2017,38.0,57.0,48.0,617,1758
1385,10/17/2017,40.0,57.0,49.0,617,1758
1386,10/18/2017,44.0,60.0,52.0,618,1757
1387,10/19/2017,42.0,59.0,51.0,618,1756
1388,10/20/2017,39.0,54.0,47.0,618,1755
1389,10/21/2017,39.0,57.0,48.0,619,1755
1390,10/22/2017,38.0,53.0,46.0,619,1754
1391,10/23/2017,38.0,55.0,47.0,620,1753
1392,10/24/2017,44.0,54.0,49.0,620,1753
1393,10/25/2017,44.0,52.0,48.0,620,1752
1394,10/26/2017,42.0,60.0,51.0,621,1752
1395,10/27/2017,40.0,60.0,50.0,621,1751
1396,10/28/2017,42.0,59.0,51.0,622,1750
1397,10/29/2017,40.0,55.0,48.0,622,1750
1398,10/30/2017,39.0,53.0,46.0,622,1749
1399,10/31/2017,37.0,51.0,44.0,623,1749
1400,11/1/2017,37.0,54.0,46.0,623,1748
1401,11/2/2017,37.0,56.0,47.0,624,1748
1402,11/3/2017,41.0,57.0,49.0,624,1747
1403,11/4/2017,41.0,55.0,48.0,625,1747
1404,11/5/2017,41.0,58.0,50.0,625,1746
1405,11/6/2017,44.0,61.0,53.0,626,1746
1406,11/7/2017,42.0,62.0,52.0,626,1746
1407,11/8/2017,42.0,60.0,51.0,627,1745
1408,11/9/2017,40.0,58.0,49.0,627,1745
1409,11/10/2017,39.0,57.0,48.0,628,1745
1410,11/11/2017,39.0,53.0,46.0,628,1744
1411,11/12/2017,36.0,47.0,42.0,629,1744
1412,11/13/2017,35.0,49.0,42.0,629,1744
1413,11/14/2017,36.0,50.0,43.0,630,1743
1414,11/15/2017,36.0,50.0,43.0,630,1743
1415,11/16/2017,34.0,48.0,41.0,631,1743
1416,11/17/2017,35.0,51.0,43.0,632,1743
1417,11/18/2017,36.0,50.0,43.0,632,1743
1418,11/19/2017,36.0,47.0,42.0,633,1743
1419,11/20/2017,34.0,50.0,42.0,633,1742
1420,11/21/2017,34.0,48.0,41.0,634,1742
1421,11/22/2017,33.0,48.0,41.0,635,1742
1422,11/23/2017,31.0,47.0,39.0,635,1742
1423,11/24/2017,35.0,50.0,43.0,636,1742
1424,11/25/2017,33.0,47.0,40.0,636,1742
1425,11/26/2017,33.0,48.0,41.0,637,1742
1426,11/27/2017,35.0,45.0,40.0,638,1742
1427,11/28/2017,40.0,47.0,44.0,638,1742
1428,11/29/2017,39.0,49.0,44.0,639,1742
1429,11/30/2017,39.0,47.0,43.0,640,1742
1430,12/1/2017,39.0,49.0,44.0,640,1743
1431,12/2/2017,34.0,46.0,40.0,641,1743
1432,12/3/2017,35.0,50.0,43.0,641,1743
1433,12/4/2017,36.0,53.0,45.0,642,1743
1434,12/5/2017,32.0,49.0,41.0,643,1743
1435,12/6/2017,33.0,47.0,40.0,643,1743
1436,12/7/2017,34.0,50.0,42.0,644,1744
1437,12/8/2017,33.0,53.0,43.0,645,1744
1438,12/9/2017,37.0,58.0,48.0,645,1744
1439,12/10/2017,35.0,52.0,44.0,646,1745
1440,12/11/2017,34.0,54.0,44.0,646,1745
1441,12/12/2017,35.0,56.0,46.0,647,1745
1442,12/13/2017,32.0,45.0,39.0,648,1746
1443,12/14/2017,30.0,45.0,38.0,648,1746
1444,12/15/2017,31.0,44.0,38.0,649,1746
1445,12/16/2017,32.0,49.0,41.0,649,1747
1446,12/17/2017,36.0,52.0,44.0,650,1747
1447,12/18/2017,36.0,49.0,43.0,650,1748
1448,12/19/2017,35.0,43.0,39.0,651,1748
1449,12/20/2017,33.0,38.0,36.0,651,1749
1450,12/21/2017,32.0,39.0,36.0,652,1749
1451,12/22/2017,31.0,49.0,40.0,652,1750
1452,12/23/2017,36.0,50.0,43.0,653,1750
1453,12/24/2017,36.0,54.0,45.0,653,1751
1454,12/25/2017,34.0,50.0,42.0,654,1751
1455,12/26/2017,35.0,53.0,44.0,654,1752
1456,12/27/2017,37.0,53.0,45.0,655,1752
1457,12/28/2017,36.0,49.0,43.0,655,1753
1458,12/29/2017,33.0,52.0,43.0,655,1753
1459,12/30/2017,36.0,52.0,44.0,656,1754
1460,12/31/2017,34.0,54.0,44.0,656,1755
1461,1/1/2018,35.0,52.0,44.0,657,1756
1462,1/2/2018,32.0,56.0,44.0,657,1756
1463,1/3/2018,35.0,49.0,42.0,657,1757
1464,1/4/2018,39.0,55.0,47.0,658,1757
1465,1/5/2018,38.0,55.0,47.0,658,1758
1466,1/6/2018,39.0,58.0,49.0,658,1759
1467,1/7/2018,38.0,54.0,46.0,658,1759
1468,1/8/2018,40.0,53.0,47.0,659,1800
1469,1/9/2018,34.0,50.0,42.0,659,1801
1470,1/10/2018,31.0,47.0,39.0,659,1801
1471,1/11/2018,31.0,46.0,39.0,659,1802
1472,1/12/2018,32.0,52.0,42.0,659,1803
1473,1/13/2018,37.0,53.0,45.0,659,1803
1474,1/14/2018,37.0,54.0,46.0,659,1804
1475,1/15/2018,36.0,54.0,45.0,659,1804
1476,1/16/2018,38.0,55.0,47.0,700,1805
1477,1/17/2018,37.0,57.0,47.0,700,1806
1478,1/18/2018,36.0,54.0,45.0,700,1806
1479,1/19/2018,37.0,54.0,46.0,700,1807
1480,1/20/2018,33.0,50.0,42.0,659,1808
1481,1/21/2018,34.0,48.0,41.0,659,1808
1482,1/22/2018,33.0,48.0,41.0,659,1809
1483,1/23/2018,33.0,47.0,40.0,659,1810
1484,1/24/2018,34.0,47.0,41.0,659,1810
1485,1/25/2018,34.0,46.0,40.0,659,1811
1486,1/26/2018,34.0,43.0,39.0,659,1811
1487,1/27/2018,35.0,43.0,39.0,659,1812
1488,1/28/2018,33.0,43.0,38.0,658,1813
1489,1/29/2018,31.0,46.0,39.0,658,1813
1490,1/30/2018,34.0,50.0,42.0,658,1814
1491,1/31/2018,33.0,46.0,40.0,658,1814
1492,2/1/2018,35.0,51.0,43.0,657,1815
1493,2/2/2018,37.0,50.0,44.0,657,1816
1494,2/3/2018,37.0,50.0,44.0,657,1816
1495,2/4/2018,34.0,49.0,42.0,656,1817
1496,2/5/2018,32.0,48.0,40.0,656,1817
1497,2/6/2018,31.0,41.0,36.0,655,1818
1498,2/7/2018,28.0,42.0,35.0,655,1818
1499,2/8/2018,30.0,45.0,38.0,655,1819
1500,2/9/2018,29.0,45.0,37.0,654,1819
1501,2/10/2018,31.0,46.0,39.0,654,1820
1502,2/11/2018,35.0,49.0,42.0,653,1820
1503,2/12/2018,36.0,52.0,44.0,653,1821
1504,2/13/2018,40.0,55.0,48.0,652,1821
1505,2/14/2018,41.0,55.0,48.0,652,1822
1506,2/15/2018,39.0,56.0,48.0,651,1822
1507,2/16/2018,38.0,55.0,47.0,651,1823
1508,2/17/2018,34.0,42.0,38.0,650,1823
1509,2/18/2018,33.0,47.0,40.0,649,1823
1510,2/19/2018,31.0,43.0,37.0,649,1824
1511,2/20/2018,31.0,47.0,39.0,648,1824
1512,2/21/2018,38.0,43.0,41.0,647,1825
1513,2/22/2018,35.0,41.0,38.0,647,1825
1514,2/23/2018,35.0,45.0,40.0,646,1825
1515,2/24/2018,37.0,49.0,43.0,646,1826
1516,2/25/2018,38.0,46.0,42.0,645,1826
1517,2/26/2018,37.0,49.0,43.0,644,1827
1518,2/27/2018,36.0,51.0,44.0,643,1827
1519,2/28/2018,39.0,56.0,48.0,643,1827
1520,3/1/2018,40.0,53.0,47.0,642,1828
1521,3/2/2018,40.0,54.0,47.0,641,1828
1522,3/3/2018,40.0,52.0,46.0,640,1828
1523,3/4/2018,38.0,54.0,46.0,640,1829
1524,3/5/2018,34.0,46.0,40.0,639,1829
1525,3/6/2018,31.0,46.0,39.0,638,1829
1526,3/7/2018,30.0,44.0,37.0,637,1830
1527,3/8/2018,31.0,44.0,38.0,637,1830
1528,3/9/2018,33.0,46.0,40.0,636,1830
1529,3/10/2018,35.0,49.0,42.0,635,1831
1530,3/11/2018,35.0,52.0,44.0,634,1831
1531,3/12/2018,39.0,44.0,42.0,633,1831
1532,3/13/2018,38.0,44.0,41.0,632,1832
1533,3/14/2018,39.0,48.0,44.0,632,1832
1534,3/15/2018,36.0,47.0,42.0,631,1832
1535,3/16/2018,36.0,47.0,42.0,630,1832
1536,3/17/2018,38.0,49.0,44.0,629,1833
1537,3/18/2018,36.0,52.0,44.0,628,1833
1538,3/19/2018,35.0,48.0,42.0,627,1833
1539,3/20/2018,35.0,45.0,40.0,626,1833
1540,3/21/2018,37.0,46.0,42.0,626,1834
1541,3/22/2018,36.0,45.0,41.0,625,1834
1542,3/23/2018,38.0,50.0,44.0,624,1834
1543,3/24/2018,33.0,42.0,38.0,623,1834
1544,3/25/2018,35.0,49.0,42.0,622,1835
1545,3/26/2018,34.0,45.0,40.0,621,1835
1546,3/27/2018,33.0,53.0,43.0,620,1835
1547,3/28/2018,35.0,55.0,45.0,620,1835
1548,3/29/2018,35.0,52.0,44.0,619,1836
1549,3/30/2018,33.0,53.0,43.0,618,1836
1550,3/31/2018,34.0,47.0,41.0,617,1836
1551,4/1/2018,34.0,52.0,43.0,616,1836
1552,4/2/2018,41.0,53.0,47.0,615,1837
1553,4/3/2018,41.0,51.0,46.0,614,1837
1554,4/4/2018,44.0,58.0,51.0,614,1837
1555,4/5/2018,42.0,55.0,49.0,613,1838
1556,4/6/2018,41.0,54.0,48.0,612,1838
1557,4/7/2018,40.0,48.0,44.0,611,1838
1558,4/8/2018,38.0,50.0,44.0,610,1838
1559,4/9/2018,39.0,47.0,43.0,610,1839
1560,4/10/2018,39.0,53.0,46.0,609,1839
1561,4/11/2018,37.0,54.0,46.0,608,1839
1562,4/12/2018,37.0,53.0,45.0,607,1839
1563,4/13/2018,34.0,49.0,42.0,606,1840
1564,4/14/2018,34.0,51.0,43.0,606,1840
1565,4/15/2018,35.0,47.0,41.0,605,1840
1566,4/16/2018,39.0,49.0,44.0,604,1841
1567,4/17/2018,37.0,53.0,45.0,603,1841
1568,4/18/2018,38.0,57.0,48.0,602,1841
1569,4/19/2018,37.0,49.0,43.0,602,1841
1570,4/20/2018,35.0,42.0,39.0,601,1842
1571,4/21/2018,37.0,51.0,44.0,600,1842
1572,4/22/2018,37.0,58.0,48.0,600,1842
1573,4/23/2018,40.0,60.0,50.0,559,1843
1574,4/24/2018,38.0,56.0,47.0,558,1843
1575,4/25/2018,35.0,50.0,43.0,558,1843
1576,4/26/2018,37.0,51.0,44.0,557,1844
1577,4/27/2018,37.0,53.0,45.0,556,1844
1578,4/28/2018,38.0,53.0,46.0,556,1844
1579,4/29/2018,40.0,59.0,50.0,555,1845
1580,4/30/2018,43.0,53.0,48.0,554,1845
1581,5/1/2018,43.0,54.0,49.0,554,1845
1582,5/2/2018,42.0,50.0,46.0,553,1846
1583,5/3/2018,41.0,54.0,48.0,553,1846
1584,5/4/2018,38.0,54.0,46.0,552,1846
1585,5/5/2018,38.0,57.0,48.0,552,1847
1586,5/6/2018,42.0,54.0,48.0,551,1847
1587,5/7/2018,42.0,55.0,49.0,550,1847
1588,5/8/2018,42.0,55.0,49.0,550,1848
1589,5/9/2018,42.0,57.0,50.0,550,1848
1590,5/10/2018,41.0,55.0,48.0,549,1849
1591,5/11/2018,37.0,54.0,46.0,549,1849
1592,5/12/2018,36.0,54.0,45.0,548,1849
1593,5/13/2018,34.0,53.0,44.0,548,1850
1594,5/14/2018,36.0,52.0,44.0,547,1850
1595,5/15/2018,39.0,52.0,46.0,547,1851
1596,5/16/2018,36.0,52.0,44.0,547,1851
1597,5/17/2018,38.0,50.0,44.0,546,1851
1598,5/18/2018,37.0,54.0,46.0,546,1852
1599,5/19/2018,41.0,59.0,50.0,546,1852
1600,5/20/2018,40.0,59.0,50.0,545,1853
1601,5/21/2018,42.0,55.0,49.0,545,1853
1602,5/22/2018,41.0,59.0,50.0,545,1853
1603,5/23/2018,43.0,61.0,52.0,545,1854
1604,5/24/2018,46.0,66.0,56.0,544,1854
1605,5/25/2018,47.0,62.0,55.0,544,1855
1606,5/26/2018,47.0,64.0,56.0,544,1855
1607,5/27/2018,45.0,60.0,53.0,544,1855
1608,5/28/2018,41.0,58.0,50.0,544,1856
1609,5/29/2018,44.0,50.0,47.0,543,1856
1610,5/30/2018,43.0,60.0,52.0,543,1856
1611,5/31/2018,45.0,65.0,55.0,543,1857
1612,6/1/2018,47.0,58.0,53.0,543,1857
1613,6/2/2018,45.0,63.0,54.0,543,1858
1614,6/3/2018,46.0,65.0,56.0,543,1858
1615,6/4/2018,46.0,64.0,55.0,543,1858
1616,6/5/2018,44.0,59.0,52.0,543,1859
1617,6/6/2018,39.0,53.0,46.0,543,1859
1618,6/7/2018,40.0,57.0,49.0,543,1859
1619,6/8/2018,38.0,56.0,47.0,543,1900
1620,6/9/2018,41.0,59.0,50.0,543,1900
1621,6/10/2018,40.0,57.0,49.0,543,1900
1622,6/11/2018,39.0,57.0,48.0,543,1901
1623,6/12/2018,38.0,52.0,45.0,543,1901
1624,6/13/2018,39.0,53.0,46.0,543,1901
1625,6/14/2018,38.0,55.0,47.0,544,1902
1626,6/15/2018,40.0,53.0,47.0,544,1902
1627,6/16/2018,37.0,55.0,46.0,544,1902
1628,6/17/2018,43.0,59.0,51.0,544,1902
1629,6/18/2018,44.0,58.0,51.0,544,1903
1630,6/19/2018,42.0,59.0,51.0,544,1903
1631,6/20/2018,45.0,61.0,53.0,545,1903
1632,6/21/2018,44.0,59.0,52.0,545,1903
1633,6/22/2018,44.0,60.0,52.0,545,1904
1634,6/23/2018,44.0,61.0,53.0,545,1904
1635,6/24/2018,42.0,60.0,51.0,545,1904
1636,6/25/2018,40.0,57.0,49.0,546,1904
1637,6/26/2018,40.0,57.0,49.0,546,1904
1638,6/27/2018,39.0,60.0,50.0,546,1904
1639,6/28/2018,42.0,60.0,51.0,546,1905
1640,6/29/2018,39.0,55.0,47.0,547,1905
1641,6/30/2018,41.0,58.0,50.0,547,1905
1642,7/1/2018,40.0,52.0,46.0,547,1905
1643,7/2/2018,40.0,48.0,44.0,548,1905
1644,7/3/2018,39.0,52.0,46.0,548,1905
1645,7/4/2018,40.0,54.0,47.0,548,1905
1646,7/5/2018,39.0,63.0,51.0,549,1905
1647,7/6/2018,41.0,60.0,51.0,549,1905
1648,7/7/2018,39.0,55.0,47.0,549,1905
1649,7/8/2018,39.0,53.0,46.0,550,1905
1650,7/9/2018,36.0,50.0,43.0,550,1905
1651,7/10/2018,37.0,56.0,47.0,550,1905
1652,7/11/2018,43.0,59.0,51.0,551,1905
1653,7/12/2018,45.0,57.0,51.0,551,1905
1654,7/13/2018,45.0,61.0,53.0,551,1904
1655,7/14/2018,42.0,55.0,49.0,552,1904
1656,7/15/2018,42.0,54.0,48.0,552,1904
1657,7/16/2018,41.0,63.0,52.0,553,1904
1658,7/17/2018,44.0,62.0,53.0,553,1904
1659,7/18/2018,42.0,59.0,51.0,553,1904
1660,7/19/2018,41.0,58.0,50.0,554,1903
1661,7/20/2018,40.0,59.0,50.0,554,1903
1662,7/21/2018,45.0,61.0,53.0,554,1903
1663,7/22/2018,44.0,63.0,54.0,555,1902
1664,7/23/2018,45.0,61.0,53.0,555,1902
1665,7/24/2018,43.0,58.0,51.0,556,1902
1666,7/25/2018,42.0,57.0,50.0,556,1901
1667,7/26/2018,43.0,56.0,50.0,556,1901
1668,7/27/2018,43.0,59.0,51.0,557,1901
1669,7/28/2018,44.0,61.0,53.0,557,1900
1670,7/29/2018,47.0,58.0,53.0,557,1900
1671,7/30/2018,42.0,55.0,49.0,558,1859
1672,7/31/2018,40.0,59.0,50.0,558,1859
1673,8/1/2018,40.0,60.0,50.0,558,1859
1674,8/2/2018,38.0,56.0,47.0,559,1858
1675,8/3/2018,40.0,57.0,49.0,559,1858
1676,8/4/2018,41.0,61.0,51.0,559,1857
1677,8/5/2018,45.0,65.0,55.0,600,1857
1678,8/6/2018,46.0,65.0,56.0,600,1856
1679,8/7/2018,46.0,64.0,55.0,600,1855
1680,8/8/2018,44.0,54.0,49.0,601,1855
1681,8/9/2018,45.0,58.0,52.0,601,1854
1682,8/10/2018,41.0,56.0,49.0,601,1854
1683,8/11/2018,40.0,57.0,49.0,602,1853
1684,8/12/2018,40.0,60.0,50.0,602,1852
1685,8/13/2018,42.0,58.0,50.0,602,1852
1686,8/14/2018,39.0,55.0,47.0,603,1851
1687,8/15/2018,40.0,55.0,48.0,603,1850
1688,8/16/2018,40.0,53.0,47.0,603,1850
1689,8/17/2018,40.0,54.0,47.0,603,1849
1690,8/18/2018,41.0,60.0,51.0,604,1848
1691,8/19/2018,41.0,58.0,50.0,604,1848
1692,8/20/2018,41.0,58.0,50.0,604,1847
1693,8/21/2018,41.0,58.0,50.0,604,1846
1694,8/22/2018,42.0,51.0,47.0,605,1845
1695,8/23/2018,44.0,48.0,46.0,605,1845
1696,8/24/2018,45.0,54.0,50.0,605,1844
1697,8/25/2018,44.0,55.0,50.0,605,1843
1698,8/26/2018,43.0,49.0,46.0,606,1842
1699,8/27/2018,42.0,49.0,46.0,606,1841
1700,8/28/2018,40.0,50.0,45.0,606,1841
1701,8/29/2018,42.0,54.0,48.0,606,1840
1702,8/30/2018,40.0,54.0,47.0,607,1839
1703,8/31/2018,38.0,54.0,46.0,607,1838
1704,9/1/2018,39.0,55.0,47.0,607,1837
1705,9/2/2018,40.0,56.0,48.0,607,1836
1706,9/3/2018,41.0,58.0,50.0,607,1836
1707,9/4/2018,39.0,59.0,49.0,608,1835
1708,9/5/2018,40.0,59.0,50.0,608,1834
1709,9/6/2018,37.0,55.0,46.0,608,1833
1710,9/7/2018,38.0,53.0,46.0,608,1832
1711,9/8/2018,38.0,53.0,46.0,608,1831
1712,9/9/2018,39.0,54.0,47.0,609,1830
1713,9/10/2018,37.0,56.0,47.0,609,1829
1714,9/11/2018,41.0,58.0,50.0,609,1828
1715,9/12/2018,42.0,52.0,47.0,609,1828
1716,9/13/2018,40.0,51.0,46.0,609,1827
1717,9/14/2018,36.0,55.0,46.0,610,1826
1718,9/15/2018,39.0,54.0,47.0,610,1825
1719,9/16/2018,39.0,56.0,48.0,610,1824
1720,9/17/2018,41.0,57.0,49.0,610,1823
1721,9/18/2018,40.0,54.0,47.0,610,1822
1722,9/19/2018,43.0,57.0,50.0,611,1821
1723,9/20/2018,41.0,57.0,49.0,611,1820
1724,9/21/2018,42.0,60.0,51.0,611,1819
1725,9/22/2018,44.0,63.0,54.0,611,1819
1726,9/23/2018,46.0,61.0,54.0,611,1818
1727,9/24/2018,41.0,60.0,51.0,612,1817
1728,9/25/2018,41.0,56.0,49.0,612,1816
1729,9/26/2018,40.0,54.0,47.0,612,1815
1730,9/27/2018,40.0,56.0,48.0,612,1814
1731,9/28/2018,43.0,59.0,51.0,612,1813
1732,9/29/2018,43.0,61.0,52.0,613,1812
1733,9/30/2018,43.0,62.0,53.0,613,1811
1734,10/1/2018,40.0,63.0,52.0,613,1811
1735,10/2/2018,41.0,56.0,49.0,613,1810
1736,10/3/2018,40.0,59.0,50.0,614,1809
1737,10/4/2018,43.0,58.0,51.0,614,1808
1738,10/5/2018,42.0,56.0,49.0,614,1807
1739,10/6/2018,40.0,51.0,46.0,614,1806
1740,10/7/2018,42.0,51.0,47.0,615,1805
1741,10/8/2018,42.0,52.0,47.0,615,1805
1742,10/9/2018,40.0,52.0,46.0,615,1804
1743,10/10/2018,39.0,51.0,45.0,615,1803
1744,10/11/2018,39.0,53.0,46.0,616,1802
1745,10/12/2018,38.0,54.0,46.0,616,1801
1746,10/13/2018,41.0,54.0,48.0,616,1801
1747,10/14/2018,39.0,56.0,48.0,616,1800
1748,10/15/2018,38.0,52.0,45.0,617,1759
1749,10/16/2018,40.0,55.0,48.0,617,1758
1750,10/17/2018,37.0,52.0,45.0,617,1758
1751,10/18/2018,37.0,51.0,44.0,618,1757
1752,10/19/2018,,,,618,1756
1753,10/20/2018,38.0,48.0,43.0,618,1755
1754,10/21/2018,36.0,47.0,42.0,619,1755
1755,10/22/2018,35.0,52.0,44.0,619,1754
1756,10/23/2018,37.0,52.0,45.0,620,1753
1757,10/24/2018,40.0,54.0,47.0,620,1753
1758,10/25/2018,38.0,56.0,47.0,620,1752
1759,10/26/2018,37.0,53.0,45.0,621,1752
1760,10/27/2018,38.0,52.0,45.0,621,1751
1761,10/28/2018,41.0,52.0,47.0,622,1750
1762,10/29/2018,38.0,53.0,46.0,622,1750
1763,10/30/2018,44.0,53.0,49.0,622,1749
1764,10/31/2018,43.0,55.0,49.0,623,1749
1765,11/1/2018,41.0,57.0,49.0,623,1748
1766,11/2/2018,35.0,52.0,44.0,624,1748
1767,11/3/2018,34.0,46.0,40.0,624,1747
1768,11/4/2018,33.0,46.0,40.0,625,1747
1769,11/5/2018,35.0,51.0,43.0,625,1746
1770,11/6/2018,32.0,48.0,40.0,626,1746
1771,11/7/2018,35.0,48.0,42.0,626,1746
1772,11/8/2018,33.0,51.0,42.0,627,1745
1773,11/9/2018,37.0,52.0,45.0,627,1745
1774,11/10/2018,39.0,53.0,46.0,628,1745
1775,11/11/2018,34.0,52.0,43.0,628,1744
1776,11/12/2018,33.0,56.0,45.0,629,1744
1777,11/13/2018,37.0,55.0,46.0,629,1744
1778,11/14/2018,38.0,56.0,47.0,630,1743
1779,11/15/2018,38.0,53.0,46.0,630,1743
1780,11/16/2018,40.0,52.0,46.0,631,1743
1781,11/17/2018,40.0,52.0,46.0,632,1743
1782,11/18/2018,37.0,51.0,44.0,632,1743
1783,11/19/2018,35.0,51.0,43.0,633,1743
1784,11/20/2018,35.0,54.0,45.0,633,1742
1785,11/21/2018,34.0,54.0,44.0,634,1742
1786,11/22/2018,32.0,50.0,41.0,635,1742
1787,11/23/2018,33.0,51.0,42.0,635,1742
1788,11/24/2018,41.0,54.0,48.0,636,1742
1789,11/25/2018,38.0,57.0,48.0,636,1742
1790,11/26/2018,41.0,56.0,49.0,637,1742
1791,11/27/2018,40.0,57.0,49.0,638,1742
1792,11/28/2018,42.0,56.0,49.0,638,1742
1793,11/29/2018,38.0,57.0,48.0,639,1742
1794,11/30/2018,38.0,52.0,45.0,640,1742
1795,12/1/2018,36.0,52.0,44.0,640,1743
1796,12/2/2018,33.0,51.0,42.0,641,1743
1797,12/3/2018,36.0,53.0,45.0,641,1743
1798,12/4/2018,39.0,56.0,48.0,642,1743
1799,12/5/2018,36.0,53.0,45.0,643,1743
1800,12/6/2018,36.0,52.0,44.0,643,1743
1801,12/7/2018,37.0,53.0,45.0,644,1744
1802,12/8/2018,34.0,53.0,44.0,645,1744
1803,12/9/2018,36.0,53.0,45.0,645,1744
1804,12/10/2018,36.0,55.0,46.0,646,1745
1805,12/11/2018,38.0,56.0,47.0,646,1745
1806,12/12/2018,39.0,54.0,47.0,647,1745
1807,12/13/2018,36.0,54.0,45.0,648,1746
1808,12/14/2018,36.0,56.0,46.0,648,1746
1809,12/15/2018,40.0,53.0,47.0,649,1746
1810,12/16/2018,40.0,57.0,49.0,649,1747
1811,12/17/2018,42.0,60.0,51.0,650,1747
1812,12/18/2018,35.0,51.0,43.0,650,1748
1813,12/19/2018,32.0,51.0,42.0,651,1748
1814,12/20/2018,37.0,58.0,48.0,651,1749
1815,12/21/2018,42.0,57.0,50.0,652,1749
1816,12/22/2018,40.0,54.0,47.0,652,1750
1817,12/23/2018,39.0,55.0,47.0,653,1750
1818,12/24/2018,36.0,52.0,44.0,653,1751
1819,12/25/2018,36.0,48.0,42.0,654,1751
1820,12/26/2018,35.0,45.0,40.0,654,1752
1821,12/27/2018,33.0,44.0,39.0,655,1752
1822,12/28/2018,33.0,47.0,40.0,655,1753
1823,12/29/2018,36.0,47.0,42.0,655,1753
1824,12/30/2018,39.0,52.0,46.0,656,1754
